
print '------------------------------------------------------------------------------------------'
print 'Loading Persona Data'
print '------------------------------------------------------------------------------------------'

GO

print '------------------------------------------------------------------------------------------'
print 'System Account'
print '------------------------------------------------------------------------------------------'

declare @LeoSmith       BIGINT =  100010080030;
declare @CindyThomas    BIGINT =  100010080041;
declare @WendyJones     BIGINT =  100010080042;
declare @BethKnox       BIGINT =  100010020044;
declare @SheilaAnderson BIGINT =  100010020043;
declare @LilyFoly       BIGINT =  100010020045;
declare @ChrisWhite     BIGINT =  100010020046;
declare @DennisLadder  BIGINT = 100010020050               -- system account that has many staff records 
declare @BillingClaimsProcessor   BIGINT = 100010020060; -- system account that has no staff record

    
INSERT INTO [SecurityModule].[SystemAccount] ( [SystemAccountKey], [Version], [Identifier], [EmailAddress], [IdentityProviderUriIdentifier], [IdentityProviderName], [EnabledIndicator], [DisplayName]) VALUES ( @LeoSmith,       1,	'leo.smith@safeharbor1x1.com',      'leo.smith@safeharbor1x1.com',      'Uri:FakeProvider','FakeIdentityProvider', 1, 'Leo Smith') 
INSERT INTO [SecurityModule].[SystemAccount] ( [SystemAccountKey], [Version], [Identifier], [EmailAddress], [IdentityProviderUriIdentifier], [IdentityProviderName], [EnabledIndicator], [DisplayName]) VALUES ( @CindyThomas,    1,	'cindy.thomas@safeharbor1x1.com',   'cindy.thomas@safeharbor1x1.com',   'Uri:FakeProvider','FakeIdentityProvider', 1, 'Cindy Thomas')
INSERT INTO [SecurityModule].[SystemAccount] ( [SystemAccountKey], [Version], [Identifier], [EmailAddress], [IdentityProviderUriIdentifier], [IdentityProviderName], [EnabledIndicator], [DisplayName]) VALUES ( @WendyJones,     1,	'wendy.jones@safeharbor1x1.com',    'wendy.jones@safeharbor1x1.com',    'Uri:FakeProvider','FakeIdentityProvider', 1, 'Wendy Jones')
INSERT INTO [SecurityModule].[SystemAccount] ( [SystemAccountKey], [Version], [Identifier], [EmailAddress], [IdentityProviderUriIdentifier], [IdentityProviderName], [EnabledIndicator], [DisplayName]) VALUES ( @BethKnox,       1,	'beth.knox@safeharbor1x1.com',      'beth.knox@safeharbor1x1.com',      'Uri:FakeProvider','FakeIdentityProvider', 1, 'Beth Knox')
INSERT INTO [SecurityModule].[SystemAccount] ( [SystemAccountKey], [Version], [Identifier], [EmailAddress], [IdentityProviderUriIdentifier], [IdentityProviderName], [EnabledIndicator], [DisplayName]) VALUES ( @SheilaAnderson, 1,	'sheila.anderson@safeharbor1x1.com','sheila.anderson@safeharbor1x1.com','Uri:FakeProvider','FakeIdentityProvider', 1, 'Sheila Anderson')
INSERT INTO [SecurityModule].[SystemAccount] ( [SystemAccountKey], [Version], [Identifier], [EmailAddress], [IdentityProviderUriIdentifier], [IdentityProviderName], [EnabledIndicator], [DisplayName]) VALUES ( @LilyFoly,       1,	'lily.foley@safeharbor1x1.com',     'lily.foley@safeharbor1x1.com',     'Uri:FakeProvider','FakeIdentityProvider', 1, 'Lily Fole')
INSERT INTO [SecurityModule].[SystemAccount] ( [SystemAccountKey], [Version], [Identifier], [EmailAddress], [IdentityProviderUriIdentifier], [IdentityProviderName], [EnabledIndicator], [DisplayName]) VALUES ( @ChrisWhite,     1,	'chris.white@safeharbor1x1.com',    'chris.white@safeharbor1x1.com',    'Uri:FakeProvider','FakeIdentityProvider', 1, 'Chris White')
INSERT INTO [SecurityModule].[SystemAccount] ( [SystemAccountKey], [Version], [Identifier], [EmailAddress], [IdentityProviderUriIdentifier], [IdentityProviderName], [EnabledIndicator], [DisplayName]) VALUES ( @DennisLadder,     1,	'dennis.ladder@safeharbor1x1.com',  'dennis.ladder@safeharbor1x1.com',  'Uri:FakeProvider','FakeIdentityProvider',   1, 'Dennis Ladder')
INSERT INTO [SecurityModule].[SystemAccount] ( [SystemAccountKey], [Version], [Identifier], [EmailAddress], [IdentityProviderUriIdentifier], [IdentityProviderName], [EnabledIndicator], [DisplayName]) VALUES ( @BillingClaimsProcessor,     1, 'BillingClaimsProcessor@safeharbor1x1.com','BillingClaimsProcessor@safeharbor1x1.com', 'Uri:FakeProvider','FakeIdentityProvider',  1, 'Billing Claims Processor')


print '----------------------------------------------------------------------------------------------------'
print 'SystemAccountRole'
print '----------------------------------------------------------------------------------------------------'

-- primary
declare @SystemRoleRemAdministrator             BIGINT = 100010080000;
declare @SystemRoleDemoUser                     BIGINT = 100010080001;
declare @SystemRoleFrontDeskUser                BIGINT = 100010080002;
declare @SystemRoleClinicianUser                BIGINT = 100010080003;

-- secondary
declare @SystemRoleExecuteEmergencyAccess       BIGINT = 100010080004;
declare @SystemRoleBasicUserInterfaceAccess     BIGINT = 100010080005;
declare @SystemRolePatientWorkspaceAccess       BIGINT = 100010080006;
declare @SystemRolePatientFinderAccess          BIGINT = 100010080007;
declare @SystemRoleClinicianDashboardAccess     BIGINT = 100010080008;
declare @SystemRoleFrontDeskDashboardAccess     BIGINT = 100010080009;
declare @SystemRoleAdministrativeAccess         BIGINT = 100010080010;

INSERT INTO [SecurityModule].[SystemAccountRole] ( [SystemAccountRoleKey], [CreatedTimestamp], [CreatedBySystemAccountKey], [UpdatedTimestamp], [UpdatedBySystemAccountKey], [Version], [SystemAccountKey], [SystemRoleKey] ) VALUES ( 100010080040, CURRENT_TIMESTAMP, 1, CURRENT_TIMESTAMP, 1, 1, @LeoSmith,    @SystemRoleRemAdministrator )
INSERT INTO [SecurityModule].[SystemAccountRole] ( [SystemAccountRoleKey], [CreatedTimestamp], [CreatedBySystemAccountKey], [UpdatedTimestamp], [UpdatedBySystemAccountKey], [Version], [SystemAccountKey], [SystemRoleKey] ) VALUES ( 100010080043, CURRENT_TIMESTAMP, 1, CURRENT_TIMESTAMP, 1, 1, @WendyJones,  @SystemRoleClinicianUser )
--INSERT INTO [SecurityModule].[SystemAccountRole] ( [SystemAccountRoleKey], [CreatedTimestamp], [CreatedBySystemAccountKey], [UpdatedTimestamp], [UpdatedBySystemAccountKey], [Version], [SystemAccountKey], [SystemRoleKey] ) VALUES ( 100010080044, CURRENT_TIMESTAMP, 1, CURRENT_TIMESTAMP, 1, 1, @LilyFoly, intern )
INSERT INTO [SecurityModule].[SystemAccountRole] ( [SystemAccountRoleKey], [CreatedTimestamp], [CreatedBySystemAccountKey], [UpdatedTimestamp], [UpdatedBySystemAccountKey], [Version], [SystemAccountKey], [SystemRoleKey] ) VALUES ( 100010080045, CURRENT_TIMESTAMP, 1, CURRENT_TIMESTAMP, 1, 1, @CindyThomas, @SystemRoleFrontDeskUser )
INSERT INTO [SecurityModule].[SystemAccountRole] ( [SystemAccountRoleKey], [CreatedTimestamp], [CreatedBySystemAccountKey], [UpdatedTimestamp], [UpdatedBySystemAccountKey], [Version], [SystemAccountKey], [SystemRoleKey] ) VALUES ( 100010080046, CURRENT_TIMESTAMP, 1, CURRENT_TIMESTAMP, 1, 1, @CindyThomas, @SystemRoleExecuteEmergencyAccess )
INSERT INTO [SecurityModule].[SystemAccountRole] ( [SystemAccountRoleKey], [CreatedTimestamp], [CreatedBySystemAccountKey], [UpdatedTimestamp], [UpdatedBySystemAccountKey], [Version], [SystemAccountKey], [SystemRoleKey] ) VALUES ( 100010080047, CURRENT_TIMESTAMP, 1, CURRENT_TIMESTAMP, 1, 1, @ChrisWhite,  @SystemRoleRemAdministrator )
INSERT INTO [SecurityModule].[SystemAccountRole] ( [SystemAccountRoleKey], [CreatedTimestamp], [CreatedBySystemAccountKey], [UpdatedTimestamp], [UpdatedBySystemAccountKey], [Version], [SystemAccountKey], [SystemRoleKey] ) VALUES ( 100010080048, CURRENT_TIMESTAMP, 1, CURRENT_TIMESTAMP, 1, 1, @ChrisWhite,  @SystemRoleDemoUser )
INSERT INTO [SecurityModule].[SystemAccountRole] ( [SystemAccountRoleKey], [CreatedTimestamp], [CreatedBySystemAccountKey], [UpdatedTimestamp], [UpdatedBySystemAccountKey], [Version], [SystemAccountKey], [SystemRoleKey] ) VALUES ( 100010080050, CURRENT_TIMESTAMP, 1, CURRENT_TIMESTAMP, 1, 1, @DennisLadder,  @SystemRoleRemAdministrator )
INSERT INTO [SecurityModule].[SystemAccountRole] ( [SystemAccountRoleKey], [CreatedTimestamp], [CreatedBySystemAccountKey], [UpdatedTimestamp], [UpdatedBySystemAccountKey], [Version], [SystemAccountKey], [SystemRoleKey] ) VALUES ( 100010080051, CURRENT_TIMESTAMP, 1, CURRENT_TIMESTAMP, 1, 1, @DennisLadder,  @SystemRoleClinicianUser )
INSERT INTO [SecurityModule].[SystemAccountRole] ( [SystemAccountRoleKey], [CreatedTimestamp], [CreatedBySystemAccountKey], [UpdatedTimestamp], [UpdatedBySystemAccountKey], [Version], [SystemAccountKey], [SystemRoleKey] ) VALUES ( 100010080060, CURRENT_TIMESTAMP, 1, CURRENT_TIMESTAMP, 1, 1, @BillingClaimsProcessor,  @SystemRoleRemAdministrator )

GO

print '------------------------------------------------------------------------------------------'
print 'Loading Agencies'
print '------------------------------------------------------------------------------------------'

INSERT INTO [AgencyModule].[Agency] ( AgencyKey, CreatedTimestamp, CreatedBySystemAccountKey, UpdatedTimestamp, UpdatedBySystemAccountKey, [Version], AgencyTypeLkpKey, LegalName, DoingBusinessAsName, DisplayName, WebsiteUrlName, EffectiveStartDate, EffectiveEndDate, GeographicalRegionLkpKey, Note, ParentAgencyKey ) VALUES ( 100010020002, current_timestamp, 1, current_timestamp, 1, 1, 100, 'Safe Harbor Enterprises', 'Safe Harbor', 'Safe Harbor', 'http://www.safeharbor1x1.com/', '1/1/2000', NULL, NULL, NULL, NULL )
INSERT INTO [AgencyModule].[AgencyAddressAndPhone] ( AgencyAddressAndPhoneKey, CreatedTimestamp, CreatedBySystemAccountKey, UpdatedTimestamp, UpdatedBySystemAccountKey, [Version], FirstStreetAddress, SecondStreetAddress, CityName, PostalCode, AgencyAddressTypeLkpKey, CountyAreaLkpKey, StateProvinceLkpKey, CountryLkpKey, AgencyKey) VALUES(100010020211, current_timestamp, 1, current_timestamp, 1, 1, '123 Safe Harbor Way', null, 'Columbia', '21046-1234', 5695326, null, 5409183, null, 100010020002)
INSERT INTO [AgencyModule].[AgencyPhone] (AgencyPhoneKey, CreatedTimestamp, CreatedBySystemAccountKey, UpdatedTimestamp, UpdatedBySystemAccountKey, [Version], PhoneNumber, PhoneExtensionNumber, AgencyAddressAndPhoneKey, AgencyPhoneTypeLkpKey ) VALUES ( 100010030211, current_timestamp, 1, current_timestamp, 1, 1, '555-555-5555', '55555', 100010020211, 2374637 )
INSERT INTO [AgencyModule].[AgencyPhone] (AgencyPhoneKey, CreatedTimestamp, CreatedBySystemAccountKey, UpdatedTimestamp, UpdatedBySystemAccountKey, [Version], PhoneNumber, PhoneExtensionNumber, AgencyAddressAndPhoneKey, AgencyPhoneTypeLkpKey ) VALUES ( 100010030212, current_timestamp, 1, current_timestamp, 1, 1, '666-666-6666', '66666', 100010020211, 2374638 )
INSERT INTO [AgencyModule].[AgencyAlias] ( AgencyAliasKey, CreatedTimestamp, CreatedBySystemAccountKey, UpdatedTimestamp, UpdatedBySystemAccountKey, [Version], Name, Note, AgencyKey ) VALUES ( 100010021001, current_timestamp, 1, current_timestamp, 1, 1, 'Safe Harbor Ent.', 'This is the name used on marketing material.', 100010020002 )
INSERT INTO [AgencyModule].[AgencyEmailAddress] ( AgencyEmailAddressKey, CreatedTimestamp, CreatedBySystemAccountKey, UpdatedTimestamp, UpdatedBySystemAccountKey, [Version], EmailAddress, AgencyEmailAddressTypeLkpKey, AgencyKey ) VALUES ( 100010220001, current_timestamp, 1, current_timestamp, 1, 1, 'contact@safeharbor1x1.com', 5695326, 100010020002 )
INSERT INTO [AgencyModule].[AgencyIdentifier] ( AgencyIdentifierKey, CreatedTimestamp, CreatedBySystemAccountKey, UpdatedTimestamp, UpdatedBySystemAccountKey, [Version], IdentifierNumber, AgencyIdentifierTypeLkpKey, AgencyKey, EffectiveStartDate, EffectiveEndDate ) VALUES ( 100010220011, current_timestamp, 1, current_timestamp, 1, 1, '154975646', 2374637, 100010020002, '2/15/2008', null )

INSERT INTO [AgencyModule].[Agency] ( AgencyKey, CreatedTimestamp, CreatedBySystemAccountKey, UpdatedTimestamp, UpdatedBySystemAccountKey, [Version], AgencyTypeLkpKey, LegalName, DoingBusinessAsName, DisplayName, WebsiteUrlName, EffectiveStartDate, EffectiveEndDate, GeographicalRegionLkpKey, Note, ParentAgencyKey ) VALUES ( 100010020012, current_timestamp, 1, current_timestamp, 1, 1, 100, 'Land of Oz Enterprises', 'Land of Oz', 'Land of Oz', 'http://www.Landofoz1x1.com/', '1/1/2000', NULL, NULL, NULL, NULL )
INSERT INTO [AgencyModule].[AgencyAddressAndPhone] ( AgencyAddressAndPhoneKey, CreatedTimestamp, CreatedBySystemAccountKey, UpdatedTimestamp, UpdatedBySystemAccountKey, [Version], FirstStreetAddress, SecondStreetAddress, CityName, PostalCode, AgencyAddressTypeLkpKey, CountyAreaLkpKey, StateProvinceLkpKey, CountryLkpKey, AgencyKey) VALUES(100010020212, current_timestamp, 1, current_timestamp, 1, 1, '123 Land of Oz Way', null, 'Columbia', '21046-1234', 5695326, null, 5409183, null, 100010020012)
INSERT INTO [AgencyModule].[AgencyPhone] (AgencyPhoneKey, CreatedTimestamp, CreatedBySystemAccountKey, UpdatedTimestamp, UpdatedBySystemAccountKey, [Version], PhoneNumber, PhoneExtensionNumber, AgencyAddressAndPhoneKey, AgencyPhoneTypeLkpKey ) VALUES ( 100010030213, current_timestamp, 1, current_timestamp, 1, 1, '555-555-5555', '55555', 100010020212, 2374637 )
INSERT INTO [AgencyModule].[AgencyPhone] (AgencyPhoneKey, CreatedTimestamp, CreatedBySystemAccountKey, UpdatedTimestamp, UpdatedBySystemAccountKey, [Version], PhoneNumber, PhoneExtensionNumber, AgencyAddressAndPhoneKey, AgencyPhoneTypeLkpKey ) VALUES ( 100010030214, current_timestamp, 1, current_timestamp, 1, 1, '666-666-6666', '66666', 100010020212, 2374638 )
INSERT INTO [AgencyModule].[AgencyAlias] ( AgencyAliasKey, CreatedTimestamp, CreatedBySystemAccountKey, UpdatedTimestamp, UpdatedBySystemAccountKey, [Version], Name, Note, AgencyKey ) VALUES ( 100010021002, current_timestamp, 1, current_timestamp, 1, 1, 'Land of Oz Ent.', 'This is the name used on marketing material.', 100010020012 )
INSERT INTO [AgencyModule].[AgencyEmailAddress] ( AgencyEmailAddressKey, CreatedTimestamp, CreatedBySystemAccountKey, UpdatedTimestamp, UpdatedBySystemAccountKey, [Version], EmailAddress, AgencyEmailAddressTypeLkpKey, AgencyKey ) VALUES ( 100010220002, current_timestamp, 1, current_timestamp, 1, 1, 'contact@landofoz1x1.com', 5695326, 100010020012 )
INSERT INTO [AgencyModule].[AgencyIdentifier] ( AgencyIdentifierKey, CreatedTimestamp, CreatedBySystemAccountKey, UpdatedTimestamp, UpdatedBySystemAccountKey, [Version], IdentifierNumber, AgencyIdentifierTypeLkpKey, AgencyKey, EffectiveStartDate, EffectiveEndDate ) VALUES ( 100010220012, current_timestamp, 1, current_timestamp, 1, 1, '154975646', 2374637, 100010020012, '2/15/2008', null )

GO

print '------------------------------------------------------------------------------------------'
print 'Loading Locations'
print '------------------------------------------------------------------------------------------'

INSERT INTO AgencyModule.Location ( LocationKey, CreatedTimestamp, CreatedBySystemAccountKey, UpdatedTimestamp, UpdatedBySystemAccountKey, [Version], AgencyKey, Name, DisplayName, WebsiteUrlName, EffectiveStartDate, EffectiveEndDate, GeographicalRegionLkpKey, CountyAreaLkpKey, HipaaServiceLocationLkpKey ) VALUES ( 100010020003, current_timestamp, 1, current_timestamp, 1, 1, 100010020002, 'Safe Harbor Clinic', 'Safe Harbor Clinic', NULL, NULL, NULL, NULL, NULL, NULL )
INSERT INTO AgencyModule.LocationAddressAndPhone ( LocationAddressAndPhoneKey, CreatedTimestamp, CreatedBySystemAccountKey, UpdatedTimestamp, UpdatedBySystemAccountKey, [Version], FirstStreetAddress, SecondStreetAddress, CityName, PostalCode, LocationAddressTypeLkpKey, CountyAreaLkpKey, StateProvinceLkpKey, CountryLkpKey, LocationKey, ConfidentialIndicator) VALUES(100010020211, current_timestamp, 1, current_timestamp, 1, 1, '123 Safe Harbor Way', null, 'Columbia', '21046-1234', 102, null, 5409183, 5215102, 100010020003, 0)
INSERT INTO AgencyModule.LocationPhone (LocationPhoneKey, CreatedTimestamp, CreatedBySystemAccountKey, UpdatedTimestamp, UpdatedBySystemAccountKey, [Version], PhoneNumber, PhoneExtensionNumber, LocationAddressAndPhoneKey, LocationPhoneTypeLkpKey ) VALUES ( 100010030211, current_timestamp, 1, current_timestamp, 1, 1, '443-270-7890', '', 100010020211, 102 )
INSERT INTO AgencyModule.LocationPhone (LocationPhoneKey, CreatedTimestamp, CreatedBySystemAccountKey, UpdatedTimestamp, UpdatedBySystemAccountKey, [Version], PhoneNumber, PhoneExtensionNumber, LocationAddressAndPhoneKey, LocationPhoneTypeLkpKey ) VALUES ( 100010030212, current_timestamp, 1, current_timestamp, 1, 1, '443-270-7865', '', 100010020211, 101 )
INSERT INTO AgencyModule.Location ( LocationKey, CreatedTimestamp, CreatedBySystemAccountKey, UpdatedTimestamp, UpdatedBySystemAccountKey, [Version], AgencyKey, Name, DisplayName, WebsiteUrlName, EffectiveStartDate, EffectiveEndDate, GeographicalRegionLkpKey, CountyAreaLkpKey, HipaaServiceLocationLkpKey ) VALUES ( 100010020004, current_timestamp, 1, current_timestamp, 1, 1, 100010020002, 'Administrative Facility',       'Administrative Facility',       NULL, NULL, NULL, NULL, NULL, NULL )
INSERT INTO AgencyModule.Location ( LocationKey, CreatedTimestamp, CreatedBySystemAccountKey, UpdatedTimestamp, UpdatedBySystemAccountKey, [Version], AgencyKey, Name, DisplayName, WebsiteUrlName, EffectiveStartDate, EffectiveEndDate, GeographicalRegionLkpKey, CountyAreaLkpKey, HipaaServiceLocationLkpKey ) VALUES ( 100010020005, current_timestamp, 1, current_timestamp, 1, 1, 100010020002, 'North Office',                  'North Office',                  NULL, NULL, NULL, NULL, NULL, NULL )
INSERT INTO AgencyModule.Location ( LocationKey, CreatedTimestamp, CreatedBySystemAccountKey, UpdatedTimestamp, UpdatedBySystemAccountKey, [Version], AgencyKey, Name, DisplayName, WebsiteUrlName, EffectiveStartDate, EffectiveEndDate, GeographicalRegionLkpKey, CountyAreaLkpKey, HipaaServiceLocationLkpKey ) VALUES ( 100010020006, current_timestamp, 1, current_timestamp, 1, 1, 100010020002, 'South Office',                  'South Office',                  NULL, NULL, NULL, NULL, NULL, NULL )

INSERT INTO AgencyModule.Location ( LocationKey, CreatedTimestamp, CreatedBySystemAccountKey, UpdatedTimestamp, UpdatedBySystemAccountKey, [Version], AgencyKey, Name, DisplayName, WebsiteUrlName, EffectiveStartDate, EffectiveEndDate, GeographicalRegionLkpKey, CountyAreaLkpKey, HipaaServiceLocationLkpKey ) VALUES ( 100010020013, current_timestamp, 1, current_timestamp, 1, 1, 100010020012, 'Wizard Falls', 'Wizard Falls', NULL, NULL, NULL, NULL, NULL, NULL )
INSERT INTO AgencyModule.LocationAddressAndPhone ( LocationAddressAndPhoneKey, CreatedTimestamp, CreatedBySystemAccountKey, UpdatedTimestamp, UpdatedBySystemAccountKey, [Version], FirstStreetAddress, SecondStreetAddress, CityName, PostalCode, LocationAddressTypeLkpKey, CountyAreaLkpKey, StateProvinceLkpKey, CountryLkpKey, LocationKey, ConfidentialIndicator) VALUES(100010020213, current_timestamp, 1, current_timestamp, 1, 1, '123 Wizard Falls Way', null, 'Columbia', '21046-1234', 102, null, 5409183, 5215102, 100010020013, 0)
INSERT INTO AgencyModule.LocationPhone (LocationPhoneKey, CreatedTimestamp, CreatedBySystemAccountKey, UpdatedTimestamp, UpdatedBySystemAccountKey, [Version], PhoneNumber, PhoneExtensionNumber, LocationAddressAndPhoneKey, LocationPhoneTypeLkpKey ) VALUES ( 100010030215, current_timestamp, 1, current_timestamp, 1, 1, '443-270-7890', '', 100010020213, 102 )
INSERT INTO AgencyModule.LocationPhone (LocationPhoneKey, CreatedTimestamp, CreatedBySystemAccountKey, UpdatedTimestamp, UpdatedBySystemAccountKey, [Version], PhoneNumber, PhoneExtensionNumber, LocationAddressAndPhoneKey, LocationPhoneTypeLkpKey ) VALUES ( 100010030216, current_timestamp, 1, current_timestamp, 1, 1, '443-270-7865', '', 100010020213, 101 )

GO

print '------------------------------------------------------------------------------------------'
print 'VisitTemplates'
print '------------------------------------------------------------------------------------------'

INSERT INTO [VisitModule].[VisitTemplate] ( [VisitTemplateKey], [CreatedTimestamp], [CreatedBySystemAccountKey], [UpdatedTimestamp], [UpdatedBySystemAccountKey], [Version], [Name], [CptCode], [AgencyKey]) VALUES ( 100010080003, '20110706 12:07:31.1303176 +00:00', 1, '20110706 12:07:31.1303176 +00:00', 1, 0,         'New Patient - Primary Care - Adolescent', '99204', 100010020002 )
INSERT INTO [VisitModule].[VisitTemplate] ( [VisitTemplateKey], [CreatedTimestamp], [CreatedBySystemAccountKey], [UpdatedTimestamp], [UpdatedBySystemAccountKey], [Version], [Name], [CptCode], [AgencyKey]) VALUES ( 100010080030, '20110706 12:07:31.1303176 +00:00', 1, '20110706 12:07:31.1303176 +00:00', 1, 0,                'Individual Counseling - SA Adult', '90806', 100010020002 )
INSERT INTO [VisitModule].[VisitTemplate] ( [VisitTemplateKey], [CreatedTimestamp], [CreatedBySystemAccountKey], [UpdatedTimestamp], [UpdatedBySystemAccountKey], [Version], [Name], [CptCode], [AgencyKey]) VALUES ( 100010080031, '20110706 12:07:31.1303176 +00:00', 1, '20110706 12:07:31.1303176 +00:00', 1, 0,                      'Case Management - BH Brief', '90805', 100010020002 )
INSERT INTO [VisitModule].[VisitTemplate] ( [VisitTemplateKey], [CreatedTimestamp], [CreatedBySystemAccountKey], [UpdatedTimestamp], [UpdatedBySystemAccountKey], [Version], [Name], [CptCode], [AgencyKey]) VALUES ( 100010080032, '20110706 12:07:31.1303176 +00:00', 1, '20110706 12:07:31.1303176 +00:00', 1, 0,                              'Discharge Planning', '44444', 100010020002 )
INSERT INTO [VisitModule].[VisitTemplate] ( [VisitTemplateKey], [CreatedTimestamp], [CreatedBySystemAccountKey], [UpdatedTimestamp], [UpdatedBySystemAccountKey], [Version], [Name], [CptCode], [AgencyKey]) VALUES ( 100010080033, '20110706 12:07:31.1303176 +00:00', 1, '20110706 12:07:31.1303176 +00:00', 1, 0,                           'Medication Management', '90862', 100010020002 )
INSERT INTO [VisitModule].[VisitTemplate] ( [VisitTemplateKey], [CreatedTimestamp], [CreatedBySystemAccountKey], [UpdatedTimestamp], [UpdatedBySystemAccountKey], [Version], [Name], [CptCode], [AgencyKey]) VALUES ( 100010080034, '20110706 12:07:31.1303176 +00:00', 1, '20110706 12:07:31.1303176 +00:00', 1, 0,              'New Patient - Primary Care - Adult', '99204', 100010020002 )
INSERT INTO [VisitModule].[VisitTemplate] ( [VisitTemplateKey], [CreatedTimestamp], [CreatedBySystemAccountKey], [UpdatedTimestamp], [UpdatedBySystemAccountKey], [Version], [Name], [CptCode], [AgencyKey]) VALUES ( 100010080035, '20110706 12:07:31.1303176 +00:00', 1, '20110706 12:07:31.1303176 +00:00', 1, 0,               'Initial Behavioral Health - Adult', '90801', 100010020002 )
INSERT INTO [VisitModule].[VisitTemplate] ( [VisitTemplateKey], [CreatedTimestamp], [CreatedBySystemAccountKey], [UpdatedTimestamp], [UpdatedBySystemAccountKey], [Version], [Name], [CptCode], [AgencyKey]) VALUES ( 100010080036, '20110706 12:07:31.1303176 +00:00', 1, '20110706 12:07:31.1303176 +00:00', 1, 0,             'Physical Exam - Comprehensive Adult', '99205', 100010020002 )
INSERT INTO [VisitModule].[VisitTemplate] ( [VisitTemplateKey], [CreatedTimestamp], [CreatedBySystemAccountKey], [UpdatedTimestamp], [UpdatedBySystemAccountKey], [Version], [Name], [CptCode], [AgencyKey]) VALUES ( 100010080037, '20110706 12:07:31.1303176 +00:00', 1, '20110706 12:07:31.1303176 +00:00', 1, 0,      'Established Patient - Primary Care - Adult', '99212', 100010020002 )
INSERT INTO [VisitModule].[VisitTemplate] ( [VisitTemplateKey], [CreatedTimestamp], [CreatedBySystemAccountKey], [UpdatedTimestamp], [UpdatedBySystemAccountKey], [Version], [Name], [CptCode], [AgencyKey]) VALUES ( 100010080038, '20110706 12:07:31.1303176 +00:00', 1, '20110706 12:07:31.1303176 +00:00', 1, 0, 'Established Patient - Primary Care - Adolescent', '99212', 100010020002 )
INSERT INTO [VisitModule].[VisitTemplate] ( [VisitTemplateKey], [CreatedTimestamp], [CreatedBySystemAccountKey], [UpdatedTimestamp], [UpdatedBySystemAccountKey], [Version], [Name], [CptCode], [AgencyKey]) VALUES ( 100010080039, '20110706 12:07:31.1303176 +00:00', 1, '20110706 12:07:31.1303176 +00:00', 1, 0,							   'Tobacco Cessation', '11111', 100010020002 )


GO

print '------------------------------------------------------------------------------------------'
print 'VisitTemplatesActivityType'
print '------------------------------------------------------------------------------------------'

INSERT INTO VisitModule.VisitTemplateActivityType ( VisitTemplateActivityTypeKey, CreatedTimestamp, CreatedBySystemAccountKey, UpdatedTimestamp, UpdatedBySystemAccountKey, Version, ActivityTypeLkpKey, VisitTemplateKey ) VALUES (  1, '2011-07-06 12:07:31.1303176 +00:00', 1, '2011-07-06 12:07:31.1303176 +00:00', 1, 1, 1, 100010080003)
INSERT INTO VisitModule.VisitTemplateActivityType ( VisitTemplateActivityTypeKey, CreatedTimestamp, CreatedBySystemAccountKey, UpdatedTimestamp, UpdatedBySystemAccountKey, Version, ActivityTypeLkpKey, VisitTemplateKey ) VALUES (  2, '2011-07-06 12:07:31.1303176 +00:00', 1, '2011-07-06 12:07:31.1303176 +00:00', 1, 1, 1, 100010080030)
INSERT INTO VisitModule.VisitTemplateActivityType ( VisitTemplateActivityTypeKey, CreatedTimestamp, CreatedBySystemAccountKey, UpdatedTimestamp, UpdatedBySystemAccountKey, Version, ActivityTypeLkpKey, VisitTemplateKey ) VALUES (  3, '2011-07-06 12:07:31.1303176 +00:00', 1, '2011-07-06 12:07:31.1303176 +00:00', 1, 1, 1, 100010080031)
INSERT INTO VisitModule.VisitTemplateActivityType ( VisitTemplateActivityTypeKey, CreatedTimestamp, CreatedBySystemAccountKey, UpdatedTimestamp, UpdatedBySystemAccountKey, Version, ActivityTypeLkpKey, VisitTemplateKey ) VALUES (  4, '2011-07-06 12:07:31.1303176 +00:00', 1, '2011-07-06 12:07:31.1303176 +00:00', 1, 1, 1, 100010080032)
INSERT INTO VisitModule.VisitTemplateActivityType ( VisitTemplateActivityTypeKey, CreatedTimestamp, CreatedBySystemAccountKey, UpdatedTimestamp, UpdatedBySystemAccountKey, Version, ActivityTypeLkpKey, VisitTemplateKey ) VALUES (  5, '2011-07-06 12:07:31.1303176 +00:00', 1, '2011-07-06 12:07:31.1303176 +00:00', 1, 1, 1, 100010080033)
INSERT INTO VisitModule.VisitTemplateActivityType ( VisitTemplateActivityTypeKey, CreatedTimestamp, CreatedBySystemAccountKey, UpdatedTimestamp, UpdatedBySystemAccountKey, Version, ActivityTypeLkpKey, VisitTemplateKey ) VALUES (  6, '2011-07-06 12:07:31.1303176 +00:00', 1, '2011-07-06 12:07:31.1303176 +00:00', 1, 1, 1, 100010080034)
INSERT INTO VisitModule.VisitTemplateActivityType ( VisitTemplateActivityTypeKey, CreatedTimestamp, CreatedBySystemAccountKey, UpdatedTimestamp, UpdatedBySystemAccountKey, Version, ActivityTypeLkpKey, VisitTemplateKey ) VALUES (  7, '2011-07-06 12:07:31.1303176 +00:00', 1, '2011-07-06 12:07:31.1303176 +00:00', 1, 1, 1, 100010080035)
INSERT INTO VisitModule.VisitTemplateActivityType ( VisitTemplateActivityTypeKey, CreatedTimestamp, CreatedBySystemAccountKey, UpdatedTimestamp, UpdatedBySystemAccountKey, Version, ActivityTypeLkpKey, VisitTemplateKey ) VALUES (  8, '2011-07-06 12:07:31.1303176 +00:00', 1, '2011-07-06 12:07:31.1303176 +00:00', 1, 1, 1, 100010080036)
INSERT INTO VisitModule.VisitTemplateActivityType ( VisitTemplateActivityTypeKey, CreatedTimestamp, CreatedBySystemAccountKey, UpdatedTimestamp, UpdatedBySystemAccountKey, Version, ActivityTypeLkpKey, VisitTemplateKey ) VALUES (  9, '2011-07-06 12:07:31.1303176 +00:00', 1, '2011-07-06 12:07:31.1303176 +00:00', 1, 1, 1, 100010080037)
INSERT INTO VisitModule.VisitTemplateActivityType ( VisitTemplateActivityTypeKey, CreatedTimestamp, CreatedBySystemAccountKey, UpdatedTimestamp, UpdatedBySystemAccountKey, Version, ActivityTypeLkpKey, VisitTemplateKey ) VALUES ( 10, '2011-07-06 12:07:31.1303176 +00:00', 1, '2011-07-06 12:07:31.1303176 +00:00', 1, 1, 1, 100010080038)
INSERT INTO VisitModule.VisitTemplateActivityType ( VisitTemplateActivityTypeKey, CreatedTimestamp, CreatedBySystemAccountKey, UpdatedTimestamp, UpdatedBySystemAccountKey, Version, ActivityTypeLkpKey, VisitTemplateKey ) VALUES ( 11, '2011-07-06 12:07:31.1303176 +00:00', 1, '2011-07-06 12:07:31.1303176 +00:00', 1, 1, 1, 100010080039)

GO

print '------------------------------------------------------------------------------------------'
print 'Loading Patients'
print '------------------------------------------------------------------------------------------'

INSERT INTO [PatientModule].[Patient] ([PatientKey], [CreatedTimestamp], [CreatedBySystemAccountKey], [UpdatedTimestamp], [UpdatedBySystemAccountKey], [Version], [RevisedTimestamp], [RevisedAccountKey], [BirthFirstName], [BirthLastName], [BirthCityName], [DeathDate], [MotherFirstName], [MotherMaidenName], [PaperFileIndicator], [InterpreterNeededIndicator], [ConfidentialFamilyInformationDescription], [EmailAddress], [SexualAbuseVictimIndicator], [PhysicalAbuseVictimIndicator], [DomesticAbuseVictimIndicator], [RegisteredSexOffenderIndicator], [RegisteredSexOffenderDate], [ConvictedOfArsonIndicator], [ConvictedOfArsonDate], [AssignedPostalCode], [CustodialStatusLkpKey], [BirthStateProvinceLkpKey], [BirthCountyAreaLkpKey], [CitizenshipCountryLkpKey], [AssignedCountyAreaLkpKey], [AssignedGeographicalRegionLkpKey], [RecordStatusLkpKey], [EducationStatusLkpKey], [ImmigrationStatusLkpKey], [LanguageLkpKey], [SmokingStatusLkpKey], [AgencyKey], [FirstName], [MiddleName], [LastName], [PrefixName], [SuffixName], [UniqueIdentifier], [BirthDate], [PatientGenderLkpKey], [MaritalStatusLkpKey], [ReligiousAffiliationLkpKey], [EthnicityLkpKey], [DetailedEthnicityLkpKey] ) VALUES ( 100010060001, '20100706 12:27:34.7680639 +00:00', 1, '20100706 12:27:34.7680639 +00:00', 1, 1, '20100706 12:27:34.7524404 +00:00', 0, NULL, NULL, NULL, NULL, NULL, NULL, NULL, 1, NULL, N'albert.smith@test.com', NULL, NULL, NULL, NULL, NULL, NULL, NULL, NULL, NULL, NULL, NULL, NULL, NULL, NULL, 8269629, NULL, NULL, NULL, NULL,    100010020002, N'Albert', null, N'Smith',      NULL, NULL, 'PUI100010060001',  '5/10/1971', 6337881, NULL, NULL, 6327635, NULL )
INSERT INTO [PatientModule].[Patient] ([PatientKey], [CreatedTimestamp], [CreatedBySystemAccountKey], [UpdatedTimestamp], [UpdatedBySystemAccountKey], [Version], [RevisedTimestamp], [RevisedAccountKey], [BirthFirstName], [BirthLastName], [BirthCityName], [DeathDate], [MotherFirstName], [MotherMaidenName], [PaperFileIndicator], [InterpreterNeededIndicator], [ConfidentialFamilyInformationDescription], [EmailAddress], [SexualAbuseVictimIndicator], [PhysicalAbuseVictimIndicator], [DomesticAbuseVictimIndicator], [RegisteredSexOffenderIndicator], [RegisteredSexOffenderDate], [ConvictedOfArsonIndicator], [ConvictedOfArsonDate], [AssignedPostalCode], [CustodialStatusLkpKey], [BirthStateProvinceLkpKey], [BirthCountyAreaLkpKey], [CitizenshipCountryLkpKey], [AssignedCountyAreaLkpKey], [AssignedGeographicalRegionLkpKey], [RecordStatusLkpKey], [EducationStatusLkpKey], [ImmigrationStatusLkpKey], [LanguageLkpKey], [SmokingStatusLkpKey], [AgencyKey], [FirstName], [MiddleName], [LastName], [PrefixName], [SuffixName], [UniqueIdentifier], [BirthDate], [PatientGenderLkpKey], [MaritalStatusLkpKey], [ReligiousAffiliationLkpKey], [EthnicityLkpKey], [DetailedEthnicityLkpKey] ) VALUES ( 100010060002, '20100706 12:27:34.7680639 +00:00', 1, '20100706 12:27:34.7680639 +00:00', 1, 1, '20100706 12:27:34.7524404 +00:00', 0, NULL, NULL, NULL, NULL, NULL, NULL, NULL, 1, NULL, N'tjones@test.com',       NULL, NULL, NULL, NULL, NULL, NULL, NULL, NULL, NULL, NULL, NULL, NULL, NULL, NULL, 8269629, NULL, NULL, NULL, NULL,    100010020002, N'Tom',    null, N'Jones',      NULL, NULL, 'PUI100010060002',  '1/4/1990',  6337881, NULL, NULL, 6327635, NULL )
INSERT INTO [PatientModule].[Patient] ([PatientKey], [CreatedTimestamp], [CreatedBySystemAccountKey], [UpdatedTimestamp], [UpdatedBySystemAccountKey], [Version], [RevisedTimestamp], [RevisedAccountKey], [BirthFirstName], [BirthLastName], [BirthCityName], [DeathDate], [MotherFirstName], [MotherMaidenName], [PaperFileIndicator], [InterpreterNeededIndicator], [ConfidentialFamilyInformationDescription], [EmailAddress], [SexualAbuseVictimIndicator], [PhysicalAbuseVictimIndicator], [DomesticAbuseVictimIndicator], [RegisteredSexOffenderIndicator], [RegisteredSexOffenderDate], [ConvictedOfArsonIndicator], [ConvictedOfArsonDate], [AssignedPostalCode], [CustodialStatusLkpKey], [BirthStateProvinceLkpKey], [BirthCountyAreaLkpKey], [CitizenshipCountryLkpKey], [AssignedCountyAreaLkpKey], [AssignedGeographicalRegionLkpKey], [RecordStatusLkpKey], [EducationStatusLkpKey], [ImmigrationStatusLkpKey], [LanguageLkpKey], [SmokingStatusLkpKey], [AgencyKey], [FirstName], [MiddleName], [LastName], [PrefixName], [SuffixName], [UniqueIdentifier], [BirthDate], [PatientGenderLkpKey], [MaritalStatusLkpKey], [ReligiousAffiliationLkpKey], [EthnicityLkpKey], [DetailedEthnicityLkpKey] ) VALUES ( 100010060003, '20100706 12:27:34.7680639 +00:00', 1, '20100706 12:27:34.7680639 +00:00', 1, 1, '20100706 12:27:34.7524404 +00:00', 0, NULL, NULL, NULL, NULL, NULL, NULL, NULL, 1, NULL, N'janed@test.com',        NULL, NULL, NULL, NULL, NULL, NULL, NULL, NULL, NULL, NULL, NULL, NULL, NULL, NULL, 8269629, NULL, NULL, NULL, NULL,    100010020002, N'Jane',   null, N'Doe',        NULL, NULL, 'PUI100010060003',  '1/5/1969',  2173041, NULL, NULL, 7872763, NULL )
INSERT INTO [PatientModule].[Patient] ([PatientKey], [CreatedTimestamp], [CreatedBySystemAccountKey], [UpdatedTimestamp], [UpdatedBySystemAccountKey], [Version], [RevisedTimestamp], [RevisedAccountKey], [BirthFirstName], [BirthLastName], [BirthCityName], [DeathDate], [MotherFirstName], [MotherMaidenName], [PaperFileIndicator], [InterpreterNeededIndicator], [ConfidentialFamilyInformationDescription], [EmailAddress], [SexualAbuseVictimIndicator], [PhysicalAbuseVictimIndicator], [DomesticAbuseVictimIndicator], [RegisteredSexOffenderIndicator], [RegisteredSexOffenderDate], [ConvictedOfArsonIndicator], [ConvictedOfArsonDate], [AssignedPostalCode], [CustodialStatusLkpKey], [BirthStateProvinceLkpKey], [BirthCountyAreaLkpKey], [CitizenshipCountryLkpKey], [AssignedCountyAreaLkpKey], [AssignedGeographicalRegionLkpKey], [RecordStatusLkpKey], [EducationStatusLkpKey], [ImmigrationStatusLkpKey], [LanguageLkpKey], [SmokingStatusLkpKey], [AgencyKey], [FirstName], [MiddleName], [LastName], [PrefixName], [SuffixName], [UniqueIdentifier], [BirthDate], [PatientGenderLkpKey], [MaritalStatusLkpKey], [ReligiousAffiliationLkpKey], [EthnicityLkpKey], [DetailedEthnicityLkpKey] ) VALUES ( 100010060005, '20100706 12:27:34.7680639 +00:00', 1, '20100706 12:27:34.7680639 +00:00', 1, 1, '20100706 12:27:34.7524404 +00:00', 0, NULL, NULL, NULL, NULL, NULL, NULL, NULL, 1, NULL, N'MeaineU@test.com',      NULL, NULL, NULL, NULL, NULL, NULL, NULL, NULL, NULL, NULL, NULL, NULL, NULL, NULL, 8269629, NULL, NULL, NULL, 1100000, 100010020002, N'Meaine', null, N'Use',        NULL, NULL, 'PUI100010060005',  '5/7/1982',  2173041, NULL, NULL, 6517777, NULL )
INSERT INTO [PatientModule].[Patient] ([PatientKey], [CreatedTimestamp], [CreatedBySystemAccountKey], [UpdatedTimestamp], [UpdatedBySystemAccountKey], [Version], [RevisedTimestamp], [RevisedAccountKey], [BirthFirstName], [BirthLastName], [BirthCityName], [DeathDate], [MotherFirstName], [MotherMaidenName], [PaperFileIndicator], [InterpreterNeededIndicator], [ConfidentialFamilyInformationDescription], [EmailAddress], [SexualAbuseVictimIndicator], [PhysicalAbuseVictimIndicator], [DomesticAbuseVictimIndicator], [RegisteredSexOffenderIndicator], [RegisteredSexOffenderDate], [ConvictedOfArsonIndicator], [ConvictedOfArsonDate], [AssignedPostalCode], [CustodialStatusLkpKey], [BirthStateProvinceLkpKey], [BirthCountyAreaLkpKey], [CitizenshipCountryLkpKey], [AssignedCountyAreaLkpKey], [AssignedGeographicalRegionLkpKey], [RecordStatusLkpKey], [EducationStatusLkpKey], [ImmigrationStatusLkpKey], [LanguageLkpKey], [SmokingStatusLkpKey], [AgencyKey], [FirstName], [MiddleName], [LastName], [PrefixName], [SuffixName], [UniqueIdentifier], [BirthDate], [PatientGenderLkpKey], [MaritalStatusLkpKey], [ReligiousAffiliationLkpKey], [EthnicityLkpKey], [DetailedEthnicityLkpKey] ) VALUES ( 100010060006, '20100706 12:27:34.7680639 +00:00', 1, '20100706 12:27:34.7680639 +00:00', 1, 1, '20100706 12:27:34.7524404 +00:00', 0, NULL, NULL, NULL, NULL, NULL, NULL, NULL, 1, NULL, N'YoungT@test.com',       NULL, NULL, NULL, NULL, NULL, NULL, NULL, NULL, NULL, NULL, NULL, NULL, NULL, NULL, 8269629, NULL, NULL, NULL, NULL,    100010020002, N'Tad',    null, N'Young',      NULL, NULL, 'PUI100010060006',  '3/15/1996', 6337881, NULL, NULL, 6517777, NULL )
INSERT INTO [PatientModule].[Patient] ([PatientKey], [CreatedTimestamp], [CreatedBySystemAccountKey], [UpdatedTimestamp], [UpdatedBySystemAccountKey], [Version], [RevisedTimestamp], [RevisedAccountKey], [BirthFirstName], [BirthLastName], [BirthCityName], [DeathDate], [MotherFirstName], [MotherMaidenName], [PaperFileIndicator], [InterpreterNeededIndicator], [ConfidentialFamilyInformationDescription], [EmailAddress], [SexualAbuseVictimIndicator], [PhysicalAbuseVictimIndicator], [DomesticAbuseVictimIndicator], [RegisteredSexOffenderIndicator], [RegisteredSexOffenderDate], [ConvictedOfArsonIndicator], [ConvictedOfArsonDate], [AssignedPostalCode], [CustodialStatusLkpKey], [BirthStateProvinceLkpKey], [BirthCountyAreaLkpKey], [CitizenshipCountryLkpKey], [AssignedCountyAreaLkpKey], [AssignedGeographicalRegionLkpKey], [RecordStatusLkpKey], [EducationStatusLkpKey], [ImmigrationStatusLkpKey], [LanguageLkpKey], [SmokingStatusLkpKey], [AgencyKey], [FirstName], [MiddleName], [LastName], [PrefixName], [SuffixName], [UniqueIdentifier], [BirthDate], [PatientGenderLkpKey], [MaritalStatusLkpKey], [ReligiousAffiliationLkpKey], [EthnicityLkpKey], [DetailedEthnicityLkpKey] ) VALUES ( 100010060007, '20100706 12:27:34.7680639 +00:00', 1, '20100706 12:27:34.7680639 +00:00', 1, 1, '20100706 12:27:34.7524404 +00:00', 0, NULL, NULL, NULL, NULL, NULL, NULL, NULL, 1, NULL, N'YoungT@test.com',       NULL, NULL, NULL, NULL, NULL, NULL, NULL, NULL, NULL, NULL, NULL, NULL, NULL, NULL, 8269629, NULL, NULL, NULL, NULL,    100010020002, N'Tidbit', null, N'Young',      NULL, NULL, 'PUI100010060007',  '4/25/1993', 2173041, NULL, NULL, 6517777, NULL )
																																																																																																																																																													 																											  							  																																																																																																																																																																							 																																		   			
INSERT INTO [PatientModule].[Patient] ([PatientKey], [CreatedTimestamp], [CreatedBySystemAccountKey], [UpdatedTimestamp], [UpdatedBySystemAccountKey], [Version], [RevisedTimestamp], [RevisedAccountKey], [BirthFirstName], [BirthLastName], [BirthCityName], [DeathDate], [MotherFirstName], [MotherMaidenName], [PaperFileIndicator], [InterpreterNeededIndicator], [ConfidentialFamilyInformationDescription], [EmailAddress], [SexualAbuseVictimIndicator], [PhysicalAbuseVictimIndicator], [DomesticAbuseVictimIndicator], [RegisteredSexOffenderIndicator], [RegisteredSexOffenderDate], [ConvictedOfArsonIndicator], [ConvictedOfArsonDate], [AssignedPostalCode], [CustodialStatusLkpKey], [BirthStateProvinceLkpKey], [BirthCountyAreaLkpKey], [CitizenshipCountryLkpKey], [AssignedCountyAreaLkpKey], [AssignedGeographicalRegionLkpKey], [RecordStatusLkpKey], [EducationStatusLkpKey], [ImmigrationStatusLkpKey], [LanguageLkpKey], [SmokingStatusLkpKey], [AgencyKey], [FirstName], [MiddleName], [LastName], [PrefixName], [SuffixName], [UniqueIdentifier], [BirthDate], [PatientGenderLkpKey], [MaritalStatusLkpKey], [ReligiousAffiliationLkpKey], [EthnicityLkpKey], [DetailedEthnicityLkpKey] ) VALUES ( 100010060008, '20100706 12:27:34.7680639 +00:00', 1, '20100706 12:27:34.7680639 +00:00', 1, 1, '20100706 12:27:34.7524404 +00:00', 0, NULL, NULL, NULL, NULL, NULL, NULL, NULL, 1, NULL, N'suet@test.com',         NULL, NULL, NULL, NULL, NULL, NULL, NULL, NULL, NULL, NULL, NULL, NULL, NULL, NULL, 8269629, NULL, NULL, NULL, NULL,    100010020002, N'Susan',  null, N'Test',       NULL, NULL, 'PUI100010060008',  '4/5/1991',  2173041, NULL, NULL, 6327635, NULL )
INSERT INTO [PatientModule].[Patient] ([PatientKey], [CreatedTimestamp], [CreatedBySystemAccountKey], [UpdatedTimestamp], [UpdatedBySystemAccountKey], [Version], [RevisedTimestamp], [RevisedAccountKey], [BirthFirstName], [BirthLastName], [BirthCityName], [DeathDate], [MotherFirstName], [MotherMaidenName], [PaperFileIndicator], [InterpreterNeededIndicator], [ConfidentialFamilyInformationDescription], [EmailAddress], [SexualAbuseVictimIndicator], [PhysicalAbuseVictimIndicator], [DomesticAbuseVictimIndicator], [RegisteredSexOffenderIndicator], [RegisteredSexOffenderDate], [ConvictedOfArsonIndicator], [ConvictedOfArsonDate], [AssignedPostalCode], [CustodialStatusLkpKey], [BirthStateProvinceLkpKey], [BirthCountyAreaLkpKey], [CitizenshipCountryLkpKey], [AssignedCountyAreaLkpKey], [AssignedGeographicalRegionLkpKey], [RecordStatusLkpKey], [EducationStatusLkpKey], [ImmigrationStatusLkpKey], [LanguageLkpKey], [SmokingStatusLkpKey], [AgencyKey], [FirstName], [MiddleName], [LastName], [PrefixName], [SuffixName], [UniqueIdentifier], [BirthDate], [PatientGenderLkpKey], [MaritalStatusLkpKey], [ReligiousAffiliationLkpKey], [EthnicityLkpKey], [DetailedEthnicityLkpKey] ) VALUES ( 100010060009, '20100706 12:27:34.7680639 +00:00', 1, '20100706 12:27:34.7680639 +00:00', 1, 1, '20100706 12:27:34.7524404 +00:00', 0, NULL, NULL, NULL, NULL, NULL, NULL, NULL, 1, NULL, N'shbell@test.com',       NULL, NULL, NULL, NULL, NULL, NULL, NULL, NULL, NULL, NULL, NULL, NULL, NULL, NULL, 8269629, NULL, NULL, NULL, NULL,    100010020002, N'Samuel', null, N'Harveybell', NULL, NULL, 'PUI100010060009',  '8/1/1979',  6337881, NULL, NULL, 6327635, NULL )
INSERT INTO [PatientModule].[Patient] ([PatientKey], [CreatedTimestamp], [CreatedBySystemAccountKey], [UpdatedTimestamp], [UpdatedBySystemAccountKey], [Version], [RevisedTimestamp], [RevisedAccountKey], [BirthFirstName], [BirthLastName], [BirthCityName], [DeathDate], [MotherFirstName], [MotherMaidenName], [PaperFileIndicator], [InterpreterNeededIndicator], [ConfidentialFamilyInformationDescription], [EmailAddress], [SexualAbuseVictimIndicator], [PhysicalAbuseVictimIndicator], [DomesticAbuseVictimIndicator], [RegisteredSexOffenderIndicator], [RegisteredSexOffenderDate], [ConvictedOfArsonIndicator], [ConvictedOfArsonDate], [AssignedPostalCode], [CustodialStatusLkpKey], [BirthStateProvinceLkpKey], [BirthCountyAreaLkpKey], [CitizenshipCountryLkpKey], [AssignedCountyAreaLkpKey], [AssignedGeographicalRegionLkpKey], [RecordStatusLkpKey], [EducationStatusLkpKey], [ImmigrationStatusLkpKey], [LanguageLkpKey], [SmokingStatusLkpKey], [AgencyKey], [FirstName], [MiddleName], [LastName], [PrefixName], [SuffixName], [UniqueIdentifier], [BirthDate], [PatientGenderLkpKey], [MaritalStatusLkpKey], [ReligiousAffiliationLkpKey], [EthnicityLkpKey], [DetailedEthnicityLkpKey] ) VALUES ( 100010060010, '20100706 12:27:34.7680639 +00:00', 1, '20100706 12:27:34.7680639 +00:00', 1, 1, '20100706 12:27:34.7524404 +00:00', 0, NULL, NULL, NULL, NULL, NULL, NULL, NULL, 1, NULL, N'malber@test.com',       NULL, NULL, NULL, NULL, NULL, NULL, NULL, NULL, NULL, NULL, NULL, NULL, NULL, NULL, 8269629, NULL, NULL, NULL, NULL,    100010020002, N'Miguel', null, N'Albertsen',  NULL, NULL, 'PUI100010060010',  '2/2/1996',  6337881, NULL, NULL, 3703904, NULL )
INSERT INTO [PatientModule].[Patient] ([PatientKey], [CreatedTimestamp], [CreatedBySystemAccountKey], [UpdatedTimestamp], [UpdatedBySystemAccountKey], [Version], [RevisedTimestamp], [RevisedAccountKey], [BirthFirstName], [BirthLastName], [BirthCityName], [DeathDate], [MotherFirstName], [MotherMaidenName], [PaperFileIndicator], [InterpreterNeededIndicator], [ConfidentialFamilyInformationDescription], [EmailAddress], [SexualAbuseVictimIndicator], [PhysicalAbuseVictimIndicator], [DomesticAbuseVictimIndicator], [RegisteredSexOffenderIndicator], [RegisteredSexOffenderDate], [ConvictedOfArsonIndicator], [ConvictedOfArsonDate], [AssignedPostalCode], [CustodialStatusLkpKey], [BirthStateProvinceLkpKey], [BirthCountyAreaLkpKey], [CitizenshipCountryLkpKey], [AssignedCountyAreaLkpKey], [AssignedGeographicalRegionLkpKey], [RecordStatusLkpKey], [EducationStatusLkpKey], [ImmigrationStatusLkpKey], [LanguageLkpKey], [SmokingStatusLkpKey], [AgencyKey], [FirstName], [MiddleName], [LastName], [PrefixName], [SuffixName], [UniqueIdentifier], [BirthDate], [PatientGenderLkpKey], [MaritalStatusLkpKey], [ReligiousAffiliationLkpKey], [EthnicityLkpKey], [DetailedEthnicityLkpKey] ) VALUES ( 100010060011, '20100706 12:27:34.7680639 +00:00', 1, '20100706 12:27:34.7680639 +00:00', 1, 1, '20100706 12:27:34.7524404 +00:00', 0, NULL, NULL, NULL, NULL, NULL, NULL, NULL, 1, NULL, N'bruce@test.com',        NULL, NULL, NULL, NULL, NULL, NULL, NULL, NULL, NULL, NULL, NULL, NULL, NULL, NULL, 8269629, NULL, NULL, NULL, NULL,    100010020002, N'Bruce',  N'K', N'Paltrow',    NULL, NULL, 'PUI100010060011',  '2/1/1945',  6337881, NULL, NULL, 3703904, NULL )

GO

print '------------------------------------------------------------------------------------------'
print 'Loading Patient Address'
print '------------------------------------------------------------------------------------------'

INSERT INTO [PatientModule].[PatientAddress] ([PatientAddressKey], [CreatedTimestamp], [CreatedBySystemAccountKey], [UpdatedTimestamp], [UpdatedBySystemAccountKey], [Version], [FirstStreetAddress], [SecondStreetAddress], [Cityname], [PostalCode], [YearsOfStayNumber], [ConfidentialIndicator], [PatientKey], [PatientAddressTypeLkpKey], [CountyAreaLkpKey], [StateProvinceLkpKey], [CountryLkpKey]) VALUES (100010280028, '20100708 14:20:59.9111074 +00:00', 1, '20100708 14:20:59.9111074 +00:00', 1, 1, N'14235 South St',       NULL, N'Baltimore',     21075, 2, 0, 100010060001, 2386448, NULL, 5409183, 5215102 )
INSERT INTO [PatientModule].[PatientAddress] ([PatientAddressKey], [CreatedTimestamp], [CreatedBySystemAccountKey], [UpdatedTimestamp], [UpdatedBySystemAccountKey], [Version], [FirstStreetAddress], [SecondStreetAddress], [Cityname], [PostalCode], [YearsOfStayNumber], [ConfidentialIndicator], [PatientKey], [PatientAddressTypeLkpKey], [CountyAreaLkpKey], [StateProvinceLkpKey], [CountryLkpKey]) VALUES (100010280029, '20100708 14:20:59.9111074 +00:00', 1, '20100708 14:20:59.9111074 +00:00', 1, 1, N'33456 North Ave.',     NULL, N'Baltimore',     21205, 2, 0, 100010060002, 2386448, NULL, 5409183, 5215102 )
INSERT INTO [PatientModule].[PatientAddress] ([PatientAddressKey], [CreatedTimestamp], [CreatedBySystemAccountKey], [UpdatedTimestamp], [UpdatedBySystemAccountKey], [Version], [FirstStreetAddress], [SecondStreetAddress], [Cityname], [PostalCode], [YearsOfStayNumber], [ConfidentialIndicator], [PatientKey], [PatientAddressTypeLkpKey], [CountyAreaLkpKey], [StateProvinceLkpKey], [CountryLkpKey]) VALUES (100010280030, '20100708 14:20:59.9111074 +00:00', 1, '20100708 14:20:59.9111074 +00:00', 1, 1, N'34222 Allway Rd.',     NULL, N'Columbia',      21046, 2, 0, 100010060003, 2386448, NULL, 5409183, 5215102 )
INSERT INTO [PatientModule].[PatientAddress] ([PatientAddressKey], [CreatedTimestamp], [CreatedBySystemAccountKey], [UpdatedTimestamp], [UpdatedBySystemAccountKey], [Version], [FirstStreetAddress], [SecondStreetAddress], [Cityname], [PostalCode], [YearsOfStayNumber], [ConfidentialIndicator], [PatientKey], [PatientAddressTypeLkpKey], [CountyAreaLkpKey], [StateProvinceLkpKey], [CountryLkpKey]) VALUES (100010280032, '20100708 14:20:59.9111074 +00:00', 1, '20100708 14:20:59.9111074 +00:00', 1, 1, N'58468 Little Guy Rd.', NULL, N'Columbia',      21046, 2, 0, 100010060005, 2386448, NULL, 5409183, 5215102 )
INSERT INTO [PatientModule].[PatientAddress] ([PatientAddressKey], [CreatedTimestamp], [CreatedBySystemAccountKey], [UpdatedTimestamp], [UpdatedBySystemAccountKey], [Version], [FirstStreetAddress], [SecondStreetAddress], [Cityname], [PostalCode], [YearsOfStayNumber], [ConfidentialIndicator], [PatientKey], [PatientAddressTypeLkpKey], [CountyAreaLkpKey], [StateProvinceLkpKey], [CountryLkpKey]) VALUES (100010280033, '20100708 14:20:59.9111074 +00:00', 1, '20100708 14:20:59.9111074 +00:00', 1, 1, N'8253 West Avenue',     NULL, N'Columbia',      21046, 2, 0, 100010060006, 2386448, NULL, 5409183, 5215102 )
INSERT INTO [PatientModule].[PatientAddress] ([PatientAddressKey], [CreatedTimestamp], [CreatedBySystemAccountKey], [UpdatedTimestamp], [UpdatedBySystemAccountKey], [Version], [FirstStreetAddress], [SecondStreetAddress], [Cityname], [PostalCode], [YearsOfStayNumber], [ConfidentialIndicator], [PatientKey], [PatientAddressTypeLkpKey], [CountyAreaLkpKey], [StateProvinceLkpKey], [CountryLkpKey]) VALUES (100010280034, '20100708 14:20:59.9111074 +00:00', 1, '20100708 14:20:59.9111074 +00:00', 1, 1, N'246 East Street',      NULL, N'Columbia',      21046, 2, 0, 100010060007, 2386448, NULL, 5409183, 5215102 )

INSERT INTO [PatientModule].[PatientAddress] ([PatientAddressKey], [CreatedTimestamp], [CreatedBySystemAccountKey], [UpdatedTimestamp], [UpdatedBySystemAccountKey], [Version], [FirstStreetAddress], [SecondStreetAddress], [Cityname], [PostalCode], [YearsOfStayNumber], [ConfidentialIndicator], [PatientKey], [PatientAddressTypeLkpKey], [CountyAreaLkpKey], [StateProvinceLkpKey], [CountryLkpKey]) VALUES (100010280035, '20100708 14:20:59.9111074 +00:00', 1, '20100708 14:20:59.9111074 +00:00', 1, 1, N'3422 Training Ave.',   NULL, N'Silver Spring', 20906, 2, 0, 100010060008, 2386448, NULL, 5409183, 5215102 )
INSERT INTO [PatientModule].[PatientAddress] ([PatientAddressKey], [CreatedTimestamp], [CreatedBySystemAccountKey], [UpdatedTimestamp], [UpdatedBySystemAccountKey], [Version], [FirstStreetAddress], [SecondStreetAddress], [Cityname], [PostalCode], [YearsOfStayNumber], [ConfidentialIndicator], [PatientKey], [PatientAddressTypeLkpKey], [CountyAreaLkpKey], [StateProvinceLkpKey], [CountryLkpKey]) VALUES (100010280036, '20100708 14:20:59.9111074 +00:00', 1, '20100708 14:20:59.9111074 +00:00', 1, 1, N'14258 Bell St',        NULL, N'Frederick',     21701, 2, 0, 100010060009, 2386448, NULL, 5409183, 5215102 )
INSERT INTO [PatientModule].[PatientAddress] ([PatientAddressKey], [CreatedTimestamp], [CreatedBySystemAccountKey], [UpdatedTimestamp], [UpdatedBySystemAccountKey], [Version], [FirstStreetAddress], [SecondStreetAddress], [Cityname], [PostalCode], [YearsOfStayNumber], [ConfidentialIndicator], [PatientKey], [PatientAddressTypeLkpKey], [CountyAreaLkpKey], [StateProvinceLkpKey], [CountryLkpKey]) VALUES (100010280037, '20100708 14:20:59.9111074 +00:00', 1, '20100708 14:20:59.9111074 +00:00', 1, 1, N'23095 Polerist Road',  NULL, N'Columbia',      21046, 2, 0, 100010060010, 2386448, NULL, 5409183, 5215102 )
INSERT INTO [PatientModule].[PatientAddress] ([PatientAddressKey], [CreatedTimestamp], [CreatedBySystemAccountKey], [UpdatedTimestamp], [UpdatedBySystemAccountKey], [Version], [FirstStreetAddress], [SecondStreetAddress], [Cityname], [PostalCode], [YearsOfStayNumber], [ConfidentialIndicator], [PatientKey], [PatientAddressTypeLkpKey], [CountyAreaLkpKey], [StateProvinceLkpKey], [CountryLkpKey]) VALUES (100010280038, '20100708 14:20:59.9111074 +00:00', 1, '20100708 14:20:59.9111074 +00:00', 1, 1, N'2645 Mulberry Lane',   NULL, N'Toledo',        54360, 2, 0, 100010060011, 2386448, NULL, 2355830, 5215102 )

GO

print '------------------------------------------------------------------------------------------'
print 'Loading Patient Phone'
print '------------------------------------------------------------------------------------------'

INSERT INTO [PatientModule].[PatientPhone] ([PatientPhoneKey], [CreatedTimestamp], [CreatedBySystemAccountKey], [UpdatedTimestamp], [UpdatedBySystemAccountKey], [Version], [PhoneNumber], [PhoneExtensionNumber], [ConfidentialIndicator], [PatientKey], [PatientPhoneTypeLkpKey]) VALUES (100010050005, '20100706 12:27:34.7836874 +00:00', 1, '20100706 12:27:34.7836874 +00:00', 1, 0, N'555-255-5454', null, 0, 100010060001, 8773881)
INSERT INTO [PatientModule].[PatientPhone] ([PatientPhoneKey], [CreatedTimestamp], [CreatedBySystemAccountKey], [UpdatedTimestamp], [UpdatedBySystemAccountKey], [Version], [PhoneNumber], [PhoneExtensionNumber], [ConfidentialIndicator], [PatientKey], [PatientPhoneTypeLkpKey]) VALUES (100010050006, '20100706 12:27:34.7836874 +00:00', 1, '20100706 12:27:34.7836874 +00:00', 1, 0, N'455-555-5555', null, 0, 100010060002, 8773881)
INSERT INTO [PatientModule].[PatientPhone] ([PatientPhoneKey], [CreatedTimestamp], [CreatedBySystemAccountKey], [UpdatedTimestamp], [UpdatedBySystemAccountKey], [Version], [PhoneNumber], [PhoneExtensionNumber], [ConfidentialIndicator], [PatientKey], [PatientPhoneTypeLkpKey]) VALUES (100010050007, '20100706 12:27:34.7836874 +00:00', 1, '20100706 12:27:34.7836874 +00:00', 1, 0, N'555-565-5525', null, 0, 100010060003, 8773881)
INSERT INTO [PatientModule].[PatientPhone] ([PatientPhoneKey], [CreatedTimestamp], [CreatedBySystemAccountKey], [UpdatedTimestamp], [UpdatedBySystemAccountKey], [Version], [PhoneNumber], [PhoneExtensionNumber], [ConfidentialIndicator], [PatientKey], [PatientPhoneTypeLkpKey]) VALUES (100010050009, '20100706 12:27:34.7836874 +00:00', 1, '20100706 12:27:34.7836874 +00:00', 1, 0, N'555-552-5555', null, 0, 100010060005, 8773881)

INSERT INTO [PatientModule].[PatientPhone] ([PatientPhoneKey], [CreatedTimestamp], [CreatedBySystemAccountKey], [UpdatedTimestamp], [UpdatedBySystemAccountKey], [Version], [PhoneNumber], [PhoneExtensionNumber], [ConfidentialIndicator], [PatientKey], [PatientPhoneTypeLkpKey]) VALUES (100010050010, '20100706 12:27:34.7836874 +00:00', 1, '20100706 12:27:34.7836874 +00:00', 1, 0, N'555-555-5555', null, 0, 100010060008, 8773881)
INSERT INTO [PatientModule].[PatientPhone] ([PatientPhoneKey], [CreatedTimestamp], [CreatedBySystemAccountKey], [UpdatedTimestamp], [UpdatedBySystemAccountKey], [Version], [PhoneNumber], [PhoneExtensionNumber], [ConfidentialIndicator], [PatientKey], [PatientPhoneTypeLkpKey]) VALUES (100010050011, '20100706 12:27:34.7836874 +00:00', 1, '20100706 12:27:34.7836874 +00:00', 1, 0, N'555-444-4444', null, 0, 100010060009, 8773881)
INSERT INTO [PatientModule].[PatientPhone] ([PatientPhoneKey], [CreatedTimestamp], [CreatedBySystemAccountKey], [UpdatedTimestamp], [UpdatedBySystemAccountKey], [Version], [PhoneNumber], [PhoneExtensionNumber], [ConfidentialIndicator], [PatientKey], [PatientPhoneTypeLkpKey]) VALUES (100010050012, '20100706 12:27:34.7836874 +00:00', 1, '20100706 12:27:34.7836874 +00:00', 1, 0, N'555-255-3333', null, 0, 100010060010, 8773881)

GO

print '------------------------------------------------------------------------------------------'
print 'Patient Race'
print '------------------------------------------------------------------------------------------'

INSERT INTO [PatientModule].[PatientRace] ([PatientRaceKey], [CreatedTimestamp], [CreatedBySystemAccountKey], [UpdatedTimestamp], [UpdatedBySystemAccountKey], [Version], [RaceLkpKey], [PatientKey]) VALUES (100010350035, '20100709 13:10:59.6847572 +00:00', 1, '20100709 13:10:59.6847572 +00:00', 1, 0, 9056023, 100010060001)
INSERT INTO [PatientModule].[PatientRace] ([PatientRaceKey], [CreatedTimestamp], [CreatedBySystemAccountKey], [UpdatedTimestamp], [UpdatedBySystemAccountKey], [Version], [RaceLkpKey], [PatientKey]) VALUES (100010350036, '20100709 13:10:59.6847572 +00:00', 1, '20100709 13:10:59.6847572 +00:00', 1, 0, 5252654, 100010060002)
INSERT INTO [PatientModule].[PatientRace] ([PatientRaceKey], [CreatedTimestamp], [CreatedBySystemAccountKey], [UpdatedTimestamp], [UpdatedBySystemAccountKey], [Version], [RaceLkpKey], [PatientKey]) VALUES (100010350037, '20100709 13:10:59.6847572 +00:00', 1, '20100709 13:10:59.6847572 +00:00', 1, 0, 9056024, 100010060003)
INSERT INTO [PatientModule].[PatientRace] ([PatientRaceKey], [CreatedTimestamp], [CreatedBySystemAccountKey], [UpdatedTimestamp], [UpdatedBySystemAccountKey], [Version], [RaceLkpKey], [PatientKey]) VALUES (100010350039, '20100709 13:10:59.6847572 +00:00', 1, '20100709 13:10:59.6847572 +00:00', 1, 0, 9056024, 100010060005)
INSERT INTO [PatientModule].[PatientRace] ([PatientRaceKey], [CreatedTimestamp], [CreatedBySystemAccountKey], [UpdatedTimestamp], [UpdatedBySystemAccountKey], [Version], [RaceLkpKey], [PatientKey]) VALUES (100010350040, '20100709 13:10:59.6847572 +00:00', 1, '20100709 13:10:59.6847572 +00:00', 1, 0, 5544877, 100010060006)
INSERT INTO [PatientModule].[PatientRace] ([PatientRaceKey], [CreatedTimestamp], [CreatedBySystemAccountKey], [UpdatedTimestamp], [UpdatedBySystemAccountKey], [Version], [RaceLkpKey], [PatientKey]) VALUES (100010350041, '20100709 13:10:59.6847572 +00:00', 1, '20100709 13:10:59.6847572 +00:00', 1, 0, 5252654, 100010060007)

INSERT INTO [PatientModule].[PatientRace] ([PatientRaceKey], [CreatedTimestamp], [CreatedBySystemAccountKey], [UpdatedTimestamp], [UpdatedBySystemAccountKey], [Version], [RaceLkpKey], [PatientKey]) VALUES (100010350042, '20100709 13:10:59.6847572 +00:00', 1, '20100709 13:10:59.6847572 +00:00', 1, 0, 9056023, 100010060008)
INSERT INTO [PatientModule].[PatientRace] ([PatientRaceKey], [CreatedTimestamp], [CreatedBySystemAccountKey], [UpdatedTimestamp], [UpdatedBySystemAccountKey], [Version], [RaceLkpKey], [PatientKey]) VALUES (100010350043, '20100709 13:10:59.6847572 +00:00', 1, '20100709 13:10:59.6847572 +00:00', 1, 0, 5544877, 100010060009)
INSERT INTO [PatientModule].[PatientRace] ([PatientRaceKey], [CreatedTimestamp], [CreatedBySystemAccountKey], [UpdatedTimestamp], [UpdatedBySystemAccountKey], [Version], [RaceLkpKey], [PatientKey]) VALUES (100010350044, '20100709 13:10:59.6847572 +00:00', 1, '20100709 13:10:59.6847572 +00:00', 1, 0, 9056023, 100010060010)

GO

print '------------------------------------------------------------------------------------------'
print 'Patient Alias'
print '------------------------------------------------------------------------------------------'

INSERT INTO [PatientModule].[PatientAlias] ([PatientAliasKey], [CreatedTimestamp], [CreatedBySystemAccountKey], [UpdatedTimestamp], [UpdatedBySystemAccountKey], [Version], [FirstName], [MiddleName], [LastName], [PatientAliasTypeLkpKey], [PatientKey]) VALUES (100010330033, '20100709 12:55:17.0574971 +00:00', 1, '20100709 12:55:17.0574971 +00:00', 1, 0, N'Al-bear', null, null, 261700, 100010060001)
INSERT INTO [PatientModule].[PatientAlias] ([PatientAliasKey], [CreatedTimestamp], [CreatedBySystemAccountKey], [UpdatedTimestamp], [UpdatedBySystemAccountKey], [Version], [FirstName], [MiddleName], [LastName], [PatientAliasTypeLkpKey], [PatientKey]) VALUES (100010330034, '20100709 12:55:17.0574971 +00:00', 1, '20100709 12:55:17.0574971 +00:00', 1, 0, N'TY',      null, null, 261700, 100010060006)
INSERT INTO [PatientModule].[PatientAlias] ([PatientAliasKey], [CreatedTimestamp], [CreatedBySystemAccountKey], [UpdatedTimestamp], [UpdatedBySystemAccountKey], [Version], [FirstName], [MiddleName], [LastName], [PatientAliasTypeLkpKey], [PatientKey]) VALUES (100010330035, '20100709 12:55:17.0574971 +00:00', 1, '20100709 12:55:17.0574971 +00:00', 1, 0, N'BIT',     null, null, 261700, 100010060007)

GO

print '------------------------------------------------------------------------------------------'
print 'Patient Disability'
print '------------------------------------------------------------------------------------------'

INSERT INTO [PatientModule].[PatientDisability] ([PatientDisabilityKey], [CreatedTimestamp], [CreatedBySystemAccountKey], [UpdatedTimestamp], [UpdatedBySystemAccountKey], [Version], [DisabilityLkpKey], [PatientKey]) VALUES (100010070001, '20100709 13:10:59.6847572 +00:00', 1, '20100709 13:10:59.6847572 +00:00', 1, 0, 145674, 100010060001)

GO

print '------------------------------------------------------------------------------------------'
print 'Staff'
print '------------------------------------------------------------------------------------------'

declare @LeoSmith       BIGINT =  100010080030;
declare @CindyThomas    BIGINT =  100010080041;
declare @WendyJones     BIGINT =  100010080042;
declare @BethKnox       BIGINT =  100010020044;
declare @SheilaAnderson BIGINT =  100010020043;
declare @LilyFoly       BIGINT =  100010020045;
declare @ChrisWhite     BIGINT =  100010020046;
declare @DennisLadder  BIGINT = 100010020050

INSERT INTO [AgencyModule].[Staff] ([StaffKey],[CreatedTimestamp],[CreatedBySystemAccountKey],[UpdatedTimestamp],[UpdatedBySystemAccountKey],[Version],[TitleName],[ProfessionalCredentialNote],[EmergencyContactName],[EmergencyPhoneNumber],[EmergencyWorkPhoneNumber],[Note],[EmploymentStartDate],[EmploymentEndDate],[StaffTypeLkpKey],[EmploymentTypeLkpKey],[AgencyKey],[FirstName], [MiddleName], [LastName], [PrefixName], [SuffixName], [BirthDate], [GenderLkpKey], [SystemAccountKey], [PrimaryLocationKey],[DirectAddress],[DirectAddressPassword]) VALUES (100010020001, current_timestamp, 1, current_timestamp, 1,  1, NULL, 'PHD',  NULL, NULL, NULL, NULL, '1/1/2007', NULL, 100, NULL, 100010020002, N'Leo',        NULL, N'Smith',     NULL, NULL,   '5/7/1950', 6337881 , @LeoSmith,       100010020003,'leo.smith@direct.obhita-stage.org',		'P@$$w0rd')
INSERT INTO [AgencyModule].[Staff] ([StaffKey],[CreatedTimestamp],[CreatedBySystemAccountKey],[UpdatedTimestamp],[UpdatedBySystemAccountKey],[Version],[TitleName],[ProfessionalCredentialNote],[EmergencyContactName],[EmergencyPhoneNumber],[EmergencyWorkPhoneNumber],[Note],[EmploymentStartDate],[EmploymentEndDate],[StaffTypeLkpKey],[EmploymentTypeLkpKey],[AgencyKey],[FirstName], [MiddleName], [LastName], [PrefixName], [SuffixName], [BirthDate], [GenderLkpKey], [SystemAccountKey], [PrimaryLocationKey],[DirectAddress],[DirectAddressPassword]) VALUES (100010020002, current_timestamp, 1, current_timestamp, 1,  1, NULL, 'MD',   NULL, NULL, NULL, NULL, '1/1/2007', NULL, 100, NULL, 100010020002, N'Wendy',      NULL, N'Jones',     NULL, NULL,   '9/8/1952', 2173041 , @WendyJones,     100010020003,'wendy.jones@direct.obhita-stage.org',		'P@$$w0rd')
INSERT INTO [AgencyModule].[Staff] ([StaffKey],[CreatedTimestamp],[CreatedBySystemAccountKey],[UpdatedTimestamp],[UpdatedBySystemAccountKey],[Version],[TitleName],[ProfessionalCredentialNote],[EmergencyContactName],[EmergencyPhoneNumber],[EmergencyWorkPhoneNumber],[Note],[EmploymentStartDate],[EmploymentEndDate],[StaffTypeLkpKey],[EmploymentTypeLkpKey],[AgencyKey],[FirstName], [MiddleName], [LastName], [PrefixName], [SuffixName], [BirthDate], [GenderLkpKey], [SystemAccountKey], [PrimaryLocationKey],[DirectAddress],[DirectAddressPassword]) VALUES (100010020003, current_timestamp, 1, current_timestamp, 1,  1, NULL, 'LSW',  NULL, NULL, NULL, NULL, '1/1/2008', NULL, 102, NULL, 100010020002, N'Sheila',     NULL, N'Anderson',  NULL, NULL,  '6/12/1989', 2173041 , @SheilaAnderson, 100010020003,'sheila.anderson@direct.obhita-stage.org',	'P@$$w0rd')
INSERT INTO [AgencyModule].[Staff] ([StaffKey],[CreatedTimestamp],[CreatedBySystemAccountKey],[UpdatedTimestamp],[UpdatedBySystemAccountKey],[Version],[TitleName],[ProfessionalCredentialNote],[EmergencyContactName],[EmergencyPhoneNumber],[EmergencyWorkPhoneNumber],[Note],[EmploymentStartDate],[EmploymentEndDate],[StaffTypeLkpKey],[EmploymentTypeLkpKey],[AgencyKey],[FirstName], [MiddleName], [LastName], [PrefixName], [SuffixName], [BirthDate], [GenderLkpKey], [SystemAccountKey], [PrimaryLocationKey],[DirectAddress],[DirectAddressPassword]) VALUES (100010020004, current_timestamp, 1, current_timestamp, 1,  1, NULL, 'LCSW', NULL, NULL, NULL, NULL, '1/1/2005', NULL, 100, NULL, 100010020002, N'Beth',       NULL, N'Knox',      NULL, NULL,  '5/22/1980', 2173041 , @BethKnox,       100010020003,'beth.knox@direct.obhita-stage.org',		'P@$$w0rd')
INSERT INTO [AgencyModule].[Staff] ([StaffKey],[CreatedTimestamp],[CreatedBySystemAccountKey],[UpdatedTimestamp],[UpdatedBySystemAccountKey],[Version],[TitleName],[ProfessionalCredentialNote],[EmergencyContactName],[EmergencyPhoneNumber],[EmergencyWorkPhoneNumber],[Note],[EmploymentStartDate],[EmploymentEndDate],[StaffTypeLkpKey],[EmploymentTypeLkpKey],[AgencyKey],[FirstName], [MiddleName], [LastName], [PrefixName], [SuffixName], [BirthDate], [GenderLkpKey], [SystemAccountKey], [PrimaryLocationKey],[DirectAddress],[DirectAddressPassword]) VALUES (100010020005, current_timestamp, 1, current_timestamp, 1,  1, NULL, NULL,   NULL, NULL, NULL, NULL, '1/1/2004', NULL, 100, NULL, 100010020002, N'Chris',      NULL, N'White',     NULL, NULL,  '5/24/1960', 6337881 , @ChrisWhite,     100010020003,'chris.white@direct.obhita-stage.org',		'P@$$w0rd')
INSERT INTO [AgencyModule].[Staff] ([StaffKey],[CreatedTimestamp],[CreatedBySystemAccountKey],[UpdatedTimestamp],[UpdatedBySystemAccountKey],[Version],[TitleName],[ProfessionalCredentialNote],[EmergencyContactName],[EmergencyPhoneNumber],[EmergencyWorkPhoneNumber],[Note],[EmploymentStartDate],[EmploymentEndDate],[StaffTypeLkpKey],[EmploymentTypeLkpKey],[AgencyKey],[FirstName], [MiddleName], [LastName], [PrefixName], [SuffixName], [BirthDate], [GenderLkpKey], [SystemAccountKey], [PrimaryLocationKey],[DirectAddress],[DirectAddressPassword]) VALUES (100010020006, current_timestamp, 1, current_timestamp, 1,  1, NULL, NULL,   NULL, NULL, NULL, NULL, '1/1/2003', NULL, 101, NULL, 100010020002, N'Cindy',      NULL, N'Thomas',    NULL, NULL,  '1/20/1980', 2173041 , @CindyThomas,    100010020003,'cindy.thomas@direct.obhita-stage.org',	'P@$$w0rd')
INSERT INTO [AgencyModule].[Staff] ([StaffKey],[CreatedTimestamp],[CreatedBySystemAccountKey],[UpdatedTimestamp],[UpdatedBySystemAccountKey],[Version],[TitleName],[ProfessionalCredentialNote],[EmergencyContactName],[EmergencyPhoneNumber],[EmergencyWorkPhoneNumber],[Note],[EmploymentStartDate],[EmploymentEndDate],[StaffTypeLkpKey],[EmploymentTypeLkpKey],[AgencyKey],[FirstName], [MiddleName], [LastName], [PrefixName], [SuffixName], [BirthDate], [GenderLkpKey], [SystemAccountKey], [PrimaryLocationKey],[DirectAddress],[DirectAddressPassword]) VALUES (100010020007, current_timestamp, 1, current_timestamp, 1,  1, NULL, NULL,   NULL, NULL, NULL, NULL, '1/1/2007', NULL, 100, NULL, 100010020002, N'Lily',       NULL, N'Foley',     NULL, NULL, '11/20/1968', 2173041 , @LilyFoly,       100010020003,'lily.foly@direct.obhita-stage.org',		'P@$$w0rd')
INSERT INTO [AgencyModule].[Staff] ([StaffKey],[CreatedTimestamp],[CreatedBySystemAccountKey],[UpdatedTimestamp],[UpdatedBySystemAccountKey],[Version],[TitleName],[ProfessionalCredentialNote],[EmergencyContactName],[EmergencyPhoneNumber],[EmergencyWorkPhoneNumber],[Note],[EmploymentStartDate],[EmploymentEndDate],[StaffTypeLkpKey],[EmploymentTypeLkpKey],[AgencyKey],[FirstName], [MiddleName], [LastName], [PrefixName], [SuffixName], [BirthDate], [GenderLkpKey], [SystemAccountKey], [PrimaryLocationKey],[DirectAddress],[DirectAddressPassword]) VALUES (100010020008, current_timestamp, 1, current_timestamp, 1,  1, NULL, NULL,   NULL, NULL, NULL, NULL, '1/1/2009', NULL, 100, NULL, 100010020002, N'Stephen',    NULL, N'Holt',      NULL, NULL,  '10/2/1982', 6337881 , null,            100010020003,'stephen.holt@direct.obhita-stage.org',	'P@$$w0rd')
INSERT INTO [AgencyModule].[Staff] ([StaffKey],[CreatedTimestamp],[CreatedBySystemAccountKey],[UpdatedTimestamp],[UpdatedBySystemAccountKey],[Version],[TitleName],[ProfessionalCredentialNote],[EmergencyContactName],[EmergencyPhoneNumber],[EmergencyWorkPhoneNumber],[Note],[EmploymentStartDate],[EmploymentEndDate],[StaffTypeLkpKey],[EmploymentTypeLkpKey],[AgencyKey],[FirstName], [MiddleName], [LastName], [PrefixName], [SuffixName], [BirthDate], [GenderLkpKey], [SystemAccountKey], [PrimaryLocationKey],[DirectAddress],[DirectAddressPassword]) VALUES (100010020009, current_timestamp, 1, current_timestamp, 1,  1, NULL, NULL,   NULL, NULL, NULL, NULL, '1/1/2007', NULL, 100, NULL, 100010020002, N'Dennis',     NULL, N'Ladder',    NULL, NULL,   '5/8/1970', 6337881 , @DennisLadder,   100010020003,'dennis.ladder@direct.obhita-stage.org',	'P@$$w0rd')
INSERT INTO [AgencyModule].[Staff] ([StaffKey],[CreatedTimestamp],[CreatedBySystemAccountKey],[UpdatedTimestamp],[UpdatedBySystemAccountKey],[Version],[TitleName],[ProfessionalCredentialNote],[EmergencyContactName],[EmergencyPhoneNumber],[EmergencyWorkPhoneNumber],[Note],[EmploymentStartDate],[EmploymentEndDate],[StaffTypeLkpKey],[EmploymentTypeLkpKey],[AgencyKey],[FirstName], [MiddleName], [LastName], [PrefixName], [SuffixName], [BirthDate], [GenderLkpKey], [SystemAccountKey], [PrimaryLocationKey],[DirectAddress],[DirectAddressPassword]) VALUES (100010020010, current_timestamp, 1, current_timestamp, 1,  1, NULL, NULL,   NULL, NULL, NULL, NULL, '1/1/2007', NULL, 100, NULL, 100010020012, N'Dennis',     NULL, N'Ladder',    NULL, NULL,   '5/8/1970', 6337881 , @DennisLadder,   100010020013,'dennis.ladder@direct.obhita-stage.org',	'P@$$w0rd')
GO

print '------------------------------------------------------------------------------------------'
print 'StaffLocationAssignment'
print '------------------------------------------------------------------------------------------'

INSERT INTO [AgencyModule].[StaffLocationAssignment] ([StaffLocationAssignmentKey],[Version],[CreatedTimestamp],[UpdatedTimestamp],[LocationKey],[StaffKey],[CreatedBySystemAccountKey],[UpdatedBySystemAccountKey]) VALUES (12012002009,1,CURRENT_TIMESTAMP,CURRENT_TIMESTAMP,100010020003,100010020009,1,1)
INSERT INTO [AgencyModule].[StaffLocationAssignment] ([StaffLocationAssignmentKey],[Version],[CreatedTimestamp],[UpdatedTimestamp],[LocationKey],[StaffKey],[CreatedBySystemAccountKey],[UpdatedBySystemAccountKey]) VALUES (12012002010,1,CURRENT_TIMESTAMP,CURRENT_TIMESTAMP,100010020013,100010020010,1,1)

GO

print '------------------------------------------------------------------------------------------'
print 'StaffAddress'
print '------------------------------------------------------------------------------------------'

INSERT INTO [AgencyModule].[StaffAddress]([StaffAddressKey],[Version],[FirstStreetAddress],[SecondStreetAddress],[CityName],[PostalCode],[ConfidentialIndicator],[YearsOfStayNumber],[CreatedTimestamp],[UpdatedTimestamp],[StaffAddressTypeLkpKey],[CountyAreaLkpKey],[StateProvinceLkpKey],[CountryLkpKey],[StaffKey],[CreatedBySystemAccountKey], [UpdatedBySystemAccountKey]) VALUES (100010040001,1,'50 Cherry Lane','', 'Ocean City','21701', 0, 2,  CURRENT_TIMESTAMP, CURRENT_TIMESTAMP, 101,232455,5409183, null, 100010020001, 1, 1)

GO

print '------------------------------------------------------------------------------------------'
print 'StaffPhoneNumbers'
print '------------------------------------------------------------------------------------------'

INSERT INTO [AgencyModule].[StaffPhone]([StaffPhoneKey],[Version],[PhoneNumber],[PhoneExtensionNumber],[ConfidentialIndicator],[CreatedTimestamp],[UpdatedTimestamp],[StaffPhoneTypeLkpKey],[StaffKey],[CreatedBySystemAccountKey],[UpdatedBySystemAccountKey]) VALUES (100010050001, 1, '270-443-9123', '2443', 0, CURRENT_TIMESTAMP, CURRENT_TIMESTAMP, 59838550, 100010020001, 1, 1)
INSERT INTO [AgencyModule].[StaffPhone]([StaffPhoneKey],[Version],[PhoneNumber],[PhoneExtensionNumber],[ConfidentialIndicator],[CreatedTimestamp],[UpdatedTimestamp],[StaffPhoneTypeLkpKey],[StaffKey],[CreatedBySystemAccountKey],[UpdatedBySystemAccountKey]) VALUES (100010050002, 1, '270-443-9124', '', 0, CURRENT_TIMESTAMP, CURRENT_TIMESTAMP, 69111760, 100010020001, 1, 1)

GO

print '------------------------------------------------------------------------------------------'
print 'Staff Identifier - Leo Smith'
print '------------------------------------------------------------------------------------------'

INSERT INTO [AgencyModule].[StaffIdentifier]([StaffIdentifierKey],[Version],[IdentifierNumber],[CreatedTimestamp],[UpdatedTimestamp],[StaffIdentifierTypeLkpKey],[StaffKey],[CreatedBySystemAccountKey],[UpdatedBySystemAccountKey],[EffectiveStartDate],[EffectiveEndDate])VALUES(100010030001,1,N'123456789',current_timestamp,current_timestamp,2374640,100010020001,1,1,'1/1/2000','1/1/2020')

GO

print '------------------------------------------------------------------------------------------'
print 'Staff Identifier - Chris White'
print '------------------------------------------------------------------------------------------'

INSERT INTO [AgencyModule].[StaffIdentifier]([StaffIdentifierKey],[Version],[IdentifierNumber],[CreatedTimestamp],[UpdatedTimestamp],[StaffIdentifierTypeLkpKey],[StaffKey],[CreatedBySystemAccountKey],[UpdatedBySystemAccountKey],[EffectiveStartDate],[EffectiveEndDate])VALUES(100,1,N'QL5123485',current_timestamp,current_timestamp,2374640,100010020005,1,1,'1/1/2000','1/1/2020')
INSERT INTO [AgencyModule].[StaffIdentifier]([StaffIdentifierKey],[Version],[IdentifierNumber],[CreatedTimestamp],[UpdatedTimestamp],[StaffIdentifierTypeLkpKey],[StaffKey],[CreatedBySystemAccountKey],[UpdatedBySystemAccountKey],[EffectiveStartDate],[EffectiveEndDate])VALUES(101,1,N'1249865178',current_timestamp,current_timestamp,2374637,100010020005,1,1,'1/1/2000','1/1/2020')
GO

print '------------------------------------------------------------------------------------------'
print 'Clinical Case - 1 - Albert Smith'
print '------------------------------------------------------------------------------------------'

INSERT INTO [ClinicalCaseModule].[ClinicalCase] ( [ClinicalCaseKey], [CreatedTimestamp], [CreatedBySystemAccountKey], [UpdatedTimestamp], [UpdatedBySystemAccountKey], [Version], [ClinicalCaseNumber], [ClinicalCaseStartDate], [ClinicalCaseCloseDate], [ClinicalCaseNote], [ClinicalCaseClosingNote], [AdmissionDate], [AdmissionNote], [DischargeDate], [DischargeNote], [PatientPresentingProblemNote], [PatientKey], [ClinicalCaseStatusLkpKey], [ReferralTypeLkpKey], [InitialContactMethodLkpKey], [DischargeReasonLkpKey], [InitialLocationKey], [PerformedByStaffKey], [AdmittedByStaffKey], [DischargedByStaffKey] ) VALUES ( 100010080001, '20110706 12:07:31.1303176 +00:00', 1 ,'20110706 12:07:31.1303176 +00:00', 1, 0, 1, '20110813 12:07:31.1303176 +00:00', NULL, NULL, NULL, NULL, NULL, NULL, NULL, 'I like to drink a lot.', 100010060001, 258420, 4740268, 2156123, 9747937, 100010020003, 100010020001, 100010020001, 100010020001 )

GO

print '------------------------------------------------------------------------------------------'
print 'Clinical Case - 1 - Albert Smith - Scheduled Visit 1'
print '------------------------------------------------------------------------------------------'

INSERT INTO [AgencyModule].[Appointment] ( AppointmentKey, CreatedTimestamp, CreatedBySystemAccountKey, UpdatedTimestamp, UpdatedBySystemAccountKey, Version, SubjectDescription, AppointmentStartDatetime, AppointmentEndDatetime, StaffKey, Note ) VALUES ( 100010080002,'20110706 12:07:31.1303176 +00:00', 1, '20110706 12:07:31.1303176 +00:00', 1, 1, NULL, '20110214 11:45:31', '20110214 12:45:31', 100010020001, 'I am still drinking a lot.' )
INSERT INTO [VisitModule].[Visit] ( AppointmentKey, ClinicalCaseKey, VisitStatusLkpKey, ServiceLocationKey, Name, CptCode ) VALUES ( 100010080002, 100010080001, 8042490, 100010020003, 'New Patient - Primary Care - Adult', '99204' )
INSERT INTO [VisitModule].[Activity] ( [ActivityKey], [ClinicalCaseKey], [CreatedTimestamp], [CreatedBySystemAccountKey], [UpdatedTimestamp], [UpdatedBySystemAccountKey], [Version], [ActivityStartDateTime], [ActivityEndDateTime], [VisitKey], [ActivityTypeLkpKey] ) VALUES ( 100010080004, 100010080001, '20110706 12:07:31.1303176 +00:00',1,'20110706 12:07:31.1303176 +00:00',1,1,'20110214 11:45:31', '20110214 12:45:31',100010080002,1	)
INSERT INTO [VisitModule].[VitalSign] ( [ActivityKey], [HeightFeetMeasure], [HeightInchesMeasure], [WeightLbsMeasure])VALUES (100010080004, NULL,NULL,NULL)
INSERT INTO [VisitModule].[HeartRate] ([HeartRateKey], [CreatedTimestamp], [CreatedBySystemAccountKey], [UpdatedTimestamp], [UpdatedBySystemAccountKey], [Version], [BeatsPerMinuteMeasure], [EffectiveTimestamp], [VitalSignKey])VALUES (100010080005,'20110119 11:55:31.1303176 +00:00',1,'20110119 11:55:31.1303176 +00:00',1,1,100,'20110519 11:45:31.1303176 +00:00',100010080004)
INSERT INTO [VisitModule].[BloodPressure] ( [BloodPressureKey], [CreatedTimestamp], [CreatedBySystemAccountKey], [UpdatedTimestamp], [UpdatedBySystemAccountKey], [Version], [SystollicMeasure], [DiastollicMeasure], [EffectiveTimestamp], [VitalSignKey])VALUES (100010080006,'20110119 11:55:31.1303176 +00:00',1,'20100119 11:55:31.1303176 +00:00',1,1,120,80,'20110519 11:45:31.1303176 +00:00',100010080004)

GO

print '------------------------------------------------------------------------------------------'
print 'Clinical Case - 1 - Albert Smith - Scheduled Visit 2'
print '------------------------------------------------------------------------------------------'

INSERT INTO [AgencyModule].[Appointment] ( AppointmentKey, CreatedTimestamp, CreatedBySystemAccountKey, UpdatedTimestamp, UpdatedBySystemAccountKey, Version, SubjectDescription, AppointmentStartDatetime, AppointmentEndDatetime, StaffKey, Note)VALUES (100010080015,'20110706 12:07:31.1303176 +00:00',1,'20110706 12:07:31.1303176 +00:00',1,1,NULL,'20110214 11:45:31','20110214 12:45:31',100010020001, 'I am drinking a lot.')
INSERT INTO [VisitModule].[Visit] ( AppointmentKey,ClinicalCaseKey,VisitStatusLkpKey,ServiceLocationKey, Name, CptCode )VALUES (100010080015, 100010080001,8042490,100010020003, 'New Patient - Primary Care - Adult', '99204' )
INSERT INTO [VisitModule].[Activity] ( [ActivityKey], [ClinicalCaseKey], [CreatedTimestamp], [CreatedBySystemAccountKey], [UpdatedTimestamp], [UpdatedBySystemAccountKey], [Version], [ActivityStartDateTime], [ActivityEndDateTime], [VisitKey], [ActivityTypeLkpKey])VALUES (100010080016, 100010080001, '20100813 11:45:31.1303176 +00:00',1,'20100813 11:45:31.1303176 +00:00',1,1,'20110214 11:45:31', '20110214 12:45:31',100010080015,1)
INSERT INTO [VisitModule].[VitalSign] ( [ActivityKey], [HeightFeetMeasure], [HeightInchesMeasure], [WeightLbsMeasure])VALUES (100010080016,6,2.5,206)
INSERT INTO [VisitModule].[HeartRate] ( [HeartRateKey], [CreatedTimestamp], [CreatedBySystemAccountKey], [UpdatedTimestamp], [UpdatedBySystemAccountKey], [Version], [BeatsPerMinuteMeasure], [EffectiveTimestamp], [VitalSignKey])VALUES (100010080016,'20100813 11:45:31.1303176 +00:00',1,'20100813 11:45:31.1303176 +00:00',1,1,72,'20100813 11:45:31.1303176 +00:00',100010080016)
INSERT INTO [VisitModule].[BloodPressure] ( [BloodPressureKey], [CreatedTimestamp], [CreatedBySystemAccountKey], [UpdatedTimestamp], [UpdatedBySystemAccountKey], [Version], [SystollicMeasure], [DiastollicMeasure], [EffectiveTimestamp], [VitalSignKey])VALUES (100010080014,'20100813 11:45:31.1303176 +00:00',1,'20100813 11:45:31.1303176 +00:00',1,1,119,88,'20100813 11:45:31.1303176 +00:00',100010080016)

GO

print '------------------------------------------------------------------------------------------'
print 'Clinical Case - 1 - Albert Smith - Problems'
print '------------------------------------------------------------------------------------------'

INSERT INTO [ClinicalCaseModule].[Problem] ( [ProblemKey], [CreatedTimestamp], [CreatedBySystemAccountKey], [UpdatedTimestamp], [UpdatedBySystemAccountKey], [Version], [ProblemStatusLkpKey], [ClinicalCaseKey], [ProblemCodeCodedConceptCode], [ProblemCodeDisplayName], [ProblemCodeCodeSystemName], [ProblemCodeCodeSystemIdentifier], [ProblemCodeNullFlavorIndicator], [ProblemTypeLkpKey], [ObservedDate], [StatusChangedDate], [ObservedByStaffKey], [CauseOfDeathIndicator], [OnsetStartDate], [OnsetEndDate])VALUES (100010080022,'20101020 15:45:31.1303176 +00:00',1,'20101020 15:45:31.1303176 +00:00',1,1,9193667882,100010080001, '44054006',                    'Diabetes mellitus type 2 (disorder)','SNOMED','2.16.840.1.113883.6.96',0,919366788,'3/24/2011','3/24/2011',100010020001, null, null, null)
INSERT INTO [ClinicalCaseModule].[Problem] ( [ProblemKey], [CreatedTimestamp], [CreatedBySystemAccountKey], [UpdatedTimestamp], [UpdatedBySystemAccountKey], [Version], [ProblemStatusLkpKey], [ClinicalCaseKey], [ProblemCodeCodedConceptCode], [ProblemCodeDisplayName], [ProblemCodeCodeSystemName], [ProblemCodeCodeSystemIdentifier], [ProblemCodeNullFlavorIndicator], [ProblemTypeLkpKey], [ObservedDate], [StatusChangedDate], [ObservedByStaffKey], [CauseOfDeathIndicator], [OnsetStartDate], [OnsetEndDate])VALUES (100010080023,'20101020 15:45:31.1303176 +00:00',1,'20101020 15:45:31.1303176 +00:00',1,1,9193667881,100010080001,'195967001',                                      'Asthma (disorder)','SNOMED','2.16.840.1.113883.6.96',0,919366788,'3/24/2011','3/24/2011',100010020001, null, null, null)
INSERT INTO [ClinicalCaseModule].[Problem] ( [ProblemKey], [CreatedTimestamp], [CreatedBySystemAccountKey], [UpdatedTimestamp], [UpdatedBySystemAccountKey], [Version], [ProblemStatusLkpKey], [ClinicalCaseKey], [ProblemCodeCodedConceptCode], [ProblemCodeDisplayName], [ProblemCodeCodeSystemName], [ProblemCodeCodeSystemIdentifier], [ProblemCodeNullFlavorIndicator], [ProblemTypeLkpKey], [ObservedDate], [StatusChangedDate], [ObservedByStaffKey], [CauseOfDeathIndicator], [OnsetStartDate], [OnsetEndDate])VALUES (100010080024,'20101020 15:45:31.1303176 +00:00',1,'20101020 15:45:31.1303176 +00:00',1,1,9193667881,100010080001, '67682002',                    'Coronary artery atheroma (disorder)','SNOMED','2.16.840.1.113883.6.96',0,919366788,'3/24/2011','3/24/2011',100010020001, null, null, null)
INSERT INTO [ClinicalCaseModule].[Problem] ( [ProblemKey], [CreatedTimestamp], [CreatedBySystemAccountKey], [UpdatedTimestamp], [UpdatedBySystemAccountKey], [Version], [ProblemStatusLkpKey], [ClinicalCaseKey], [ProblemCodeCodedConceptCode], [ProblemCodeDisplayName], [ProblemCodeCodeSystemName], [ProblemCodeCodeSystemIdentifier], [ProblemCodeNullFlavorIndicator], [ProblemTypeLkpKey], [ObservedDate], [StatusChangedDate], [ObservedByStaffKey], [CauseOfDeathIndicator], [OnsetStartDate], [OnsetEndDate])VALUES (100010080025,'20101020 15:45:31.1303176 +00:00',1,'20101020 15:45:31.1303176 +00:00',1,1,9193667880,100010080001, '55822004',                              'Hyperlipidemia (disorder)','SNOMED','2.16.840.1.113883.6.96',0,919366788,'3/24/2011','3/24/2011',100010020001, null, null, null)
INSERT INTO [ClinicalCaseModule].[Problem] ( [ProblemKey], [CreatedTimestamp], [CreatedBySystemAccountKey], [UpdatedTimestamp], [UpdatedBySystemAccountKey], [Version], [ProblemStatusLkpKey], [ClinicalCaseKey], [ProblemCodeCodedConceptCode], [ProblemCodeDisplayName], [ProblemCodeCodeSystemName], [ProblemCodeCodeSystemIdentifier], [ProblemCodeNullFlavorIndicator], [ProblemTypeLkpKey], [ObservedDate], [StatusChangedDate], [ObservedByStaffKey], [CauseOfDeathIndicator], [OnsetStartDate], [OnsetEndDate])VALUES (100010080026,'20101020 15:45:31.1303176 +00:00',1,'20101020 15:45:31.1303176 +00:00',1,1,9193667880,100010080001,'427889009','Hypertension associated with transplantation (disorder)','SNOMED','2.16.840.1.113883.6.96',0,919366788,'3/24/2011','3/24/2011',100010020001, null, null, null)

GO

print '------------------------------------------------------------------------------------------'
print 'Clinical Case - 1 - Tad Young'
print '------------------------------------------------------------------------------------------'

INSERT INTO [ClinicalCaseModule].[ClinicalCase] ( [ClinicalCaseKey], [CreatedTimestamp], [CreatedBySystemAccountKey], [UpdatedTimestamp], [UpdatedBySystemAccountKey], [Version], [ClinicalCaseNumber], [ClinicalCaseStartDate], [ClinicalCaseCloseDate], [ClinicalCaseNote], [ClinicalCaseClosingNote], [AdmissionDate], [AdmissionNote], [DischargeDate], [DischargeNote], [PatientPresentingProblemNote], [PatientKey], [ClinicalCaseStatusLkpKey], [ReferralTypeLkpKey], [InitialContactMethodLkpKey], [DischargeReasonLkpKey], [InitialLocationKey], [PerformedByStaffKey], [AdmittedByStaffKey], [DischargedByStaffKey] ) VALUES ( 100010080002, '20110706 12:07:31.1303176 +00:00', 1 ,'20110706 12:07:31.1303176 +00:00', 1, 0, 1, '20110813 12:07:31.1303176 +00:00', NULL, NULL, NULL, NULL, NULL, NULL, NULL, 'Patient is concerned about his height and weight.', 100010060006, 258420, 4740268, 2156123, 9747937, 100010020003, 100010020001, 100010020001, 100010020001 )

GO

print '------------------------------------------------------------------------------------------'
print 'Clinical Case - 1 - Tad Young - Scheduled Visit 1'
print '------------------------------------------------------------------------------------------'

INSERT INTO [AgencyModule].[Appointment] ( AppointmentKey, CreatedTimestamp, CreatedBySystemAccountKey, UpdatedTimestamp, UpdatedBySystemAccountKey, Version, SubjectDescription, AppointmentStartDatetime, AppointmentEndDatetime, StaffKey,  Note) VALUES ( 100010081003,'20110706 12:07:31.1303176 +00:00', 1, '20110706 12:07:31.1303176 +00:00', 1, 1, NULL, '20100315 11:45:31', '20100315 12:45:31', 100010020001, 'I checkup for growth rate.' )
INSERT INTO [VisitModule].[Visit] ( AppointmentKey, ClinicalCaseKey, VisitStatusLkpKey, ServiceLocationKey, Name, CptCode, CheckedInDateTime ) VALUES ( 100010081003, 100010080002, 8042491, 100010020003, 'New Patient - Primary Care - Adult', '99204', '20100315 11:45:31' )
INSERT INTO [VisitModule].[Activity] ( [ActivityKey], [ClinicalCaseKey], [CreatedTimestamp], [CreatedBySystemAccountKey], [UpdatedTimestamp], [UpdatedBySystemAccountKey], [Version], [ActivityStartDateTime], [ActivityEndDateTime], [VisitKey], [ActivityTypeLkpKey] ) VALUES ( 100010081005, 100010080002, '20110706 12:07:31.1303176 +00:00',1,'20110706 12:07:31.1303176 +00:00',1,1,'20100315 11:45:31', '20100315 12:45:31',100010081003,1)
INSERT INTO [VisitModule].[VitalSign] ( [ActivityKey], [HeightFeetMeasure], [HeightInchesMeasure], [WeightLbsMeasure])VALUES (100010081005, 5, NULL, 145)
INSERT INTO [VisitModule].[HeartRate] ([HeartRateKey], [CreatedTimestamp], [CreatedBySystemAccountKey], [UpdatedTimestamp], [UpdatedBySystemAccountKey], [Version], [BeatsPerMinuteMeasure], [EffectiveTimestamp], [VitalSignKey])VALUES (100010081005,'20110119 11:55:31.1303176 +00:00',1,'20110119 11:55:31.1303176 +00:00',1,1,90,'20110519 11:45:31.1303176 +00:00',100010081005)
INSERT INTO [VisitModule].[BloodPressure] ( [BloodPressureKey], [CreatedTimestamp], [CreatedBySystemAccountKey], [UpdatedTimestamp], [UpdatedBySystemAccountKey], [Version], [SystollicMeasure], [DiastollicMeasure], [EffectiveTimestamp], [VitalSignKey])VALUES (100010081005,'20110119 11:55:31.1303176 +00:00',1,'20100119 11:55:31.1303176 +00:00',1,1,120,70,'20110519 11:45:31.1303176 +00:00',100010081005)

GO

print '------------------------------------------------------------------------------------------'
print 'Clinical Case - 1 - Tad Young - Scheduled Visit 2'
print '------------------------------------------------------------------------------------------'

INSERT INTO [AgencyModule].[Appointment] ( AppointmentKey, CreatedTimestamp, CreatedBySystemAccountKey, UpdatedTimestamp, UpdatedBySystemAccountKey, Version, SubjectDescription, AppointmentStartDatetime, AppointmentEndDatetime, StaffKey, Note ) VALUES ( 100010081004,'20110706 12:07:31.1303176 +00:00', 1, '20110706 12:07:31.1303176 +00:00', 1, 1, NULL, '20100925 11:45:31', '20100925 12:45:31', 100010020001, 'I checkup for growth rate.' )
INSERT INTO [VisitModule].[Visit] ( AppointmentKey, ClinicalCaseKey, VisitStatusLkpKey, ServiceLocationKey, Name, CptCode, CheckedInDateTime ) VALUES ( 100010081004, 100010080002, 8042491, 100010020003, 'New Patient - Primary Care - Adult', '99204', '20100315 11:45:31' )
INSERT INTO [VisitModule].[Activity] ( [ActivityKey], [ClinicalCaseKey], [CreatedTimestamp], [CreatedBySystemAccountKey], [UpdatedTimestamp], [UpdatedBySystemAccountKey], [Version], [ActivityStartDateTime], [ActivityEndDateTime], [VisitKey], [ActivityTypeLkpKey] ) VALUES ( 100010081006, 100010080002, '20110706 12:07:31.1303176 +00:00',1,'20110706 12:07:31.1303176 +00:00',1,1,'20100925 11:45:31', '20100925 12:45:31',100010081004,1)
INSERT INTO [VisitModule].[VitalSign] ( [ActivityKey], [HeightFeetMeasure], [HeightInchesMeasure], [WeightLbsMeasure])VALUES (100010081006, 5, 6, 140)
INSERT INTO [VisitModule].[HeartRate] ([HeartRateKey], [CreatedTimestamp], [CreatedBySystemAccountKey], [UpdatedTimestamp], [UpdatedBySystemAccountKey], [Version], [BeatsPerMinuteMeasure], [EffectiveTimestamp], [VitalSignKey])VALUES (100010081006,'20110119 11:55:31.1303176 +00:00',1,'20110119 11:55:31.1303176 +00:00',1,1,92,'20110519 11:45:31.1303176 +00:00',100010081006)
INSERT INTO [VisitModule].[BloodPressure] ( [BloodPressureKey], [CreatedTimestamp], [CreatedBySystemAccountKey], [UpdatedTimestamp], [UpdatedBySystemAccountKey], [Version], [SystollicMeasure], [DiastollicMeasure], [EffectiveTimestamp], [VitalSignKey])VALUES (100010081006,'20110119 11:55:31.1303176 +00:00',1,'20100119 11:55:31.1303176 +00:00',1,1,120,70,'20110519 11:45:31.1303176 +00:00',100010081006)

GO

print '------------------------------------------------------------------------------------------'
print 'Clinical Case - 1 - Tad Young - Scheduled Visit 3'
print '------------------------------------------------------------------------------------------'

INSERT INTO [AgencyModule].[Appointment] ( AppointmentKey, CreatedTimestamp, CreatedBySystemAccountKey, UpdatedTimestamp, UpdatedBySystemAccountKey, Version, SubjectDescription, AppointmentStartDatetime, AppointmentEndDatetime, StaffKey, Note ) VALUES ( 100010081005,'20110706 12:07:31.1303176 +00:00', 1, '20110706 12:07:31.1303176 +00:00', 1, 1, NULL, '20110312 11:45:31', '20110312 12:45:31', 100010020001, 'I checkup for growth rate.')
INSERT INTO [VisitModule].[Visit] ( AppointmentKey, ClinicalCaseKey, VisitStatusLkpKey, ServiceLocationKey, Name, CptCode, CheckedInDateTime ) VALUES ( 100010081005, 100010080002, 8042491, 100010020003, 'New Patient - Primary Care - Adult', '99204','20100315 11:45:31' )
INSERT INTO [VisitModule].[Activity] ( [ActivityKey], [ClinicalCaseKey], [CreatedTimestamp], [CreatedBySystemAccountKey], [UpdatedTimestamp], [UpdatedBySystemAccountKey], [Version], [ActivityStartDateTime], [ActivityEndDateTime], [VisitKey], [ActivityTypeLkpKey] ) VALUES ( 100010081007, 100010080002, '20110706 12:07:31.1303176 +00:00',1,'20110706 12:07:31.1303176 +00:00',1,1,'20110312 11:45:31', '20110312 12:45:31',100010081005,1)
INSERT INTO [VisitModule].[VitalSign] ( [ActivityKey], [HeightFeetMeasure], [HeightInchesMeasure], [WeightLbsMeasure])VALUES (100010081007, 5, 7.5, 148)
INSERT INTO [VisitModule].[HeartRate] ([HeartRateKey], [CreatedTimestamp], [CreatedBySystemAccountKey], [UpdatedTimestamp], [UpdatedBySystemAccountKey], [Version], [BeatsPerMinuteMeasure], [EffectiveTimestamp], [VitalSignKey])VALUES (100010081007,'20110119 11:55:31.1303176 +00:00',1,'20110119 11:55:31.1303176 +00:00',1,1,92,'20110519 11:45:31.1303176 +00:00',100010081007)
INSERT INTO [VisitModule].[BloodPressure] ( [BloodPressureKey], [CreatedTimestamp], [CreatedBySystemAccountKey], [UpdatedTimestamp], [UpdatedBySystemAccountKey], [Version], [SystollicMeasure], [DiastollicMeasure], [EffectiveTimestamp], [VitalSignKey])VALUES (100010081007,'20110119 11:55:31.1303176 +00:00',1,'20100119 11:55:31.1303176 +00:00',1,1,125,60,'20110519 11:45:31.1303176 +00:00',100010081007)

GO

print '------------------------------------------------------------------------------------------'
print 'Clinical Case - 1 - Tidbit Young'
print '------------------------------------------------------------------------------------------'

INSERT INTO [ClinicalCaseModule].[ClinicalCase] ( [ClinicalCaseKey], [CreatedTimestamp], [CreatedBySystemAccountKey], [UpdatedTimestamp], [UpdatedBySystemAccountKey], [Version], [ClinicalCaseNumber], [ClinicalCaseStartDate], [ClinicalCaseCloseDate], [ClinicalCaseNote], [ClinicalCaseClosingNote], [AdmissionDate], [AdmissionNote], [DischargeDate], [DischargeNote], [PatientPresentingProblemNote], [PatientKey], [ClinicalCaseStatusLkpKey], [ReferralTypeLkpKey], [InitialContactMethodLkpKey], [DischargeReasonLkpKey], [InitialLocationKey], [PerformedByStaffKey], [AdmittedByStaffKey], [DischargedByStaffKey] ) VALUES ( 100010080003, '20110706 12:07:31.1303176 +00:00', 1 ,'20110706 12:07:31.1303176 +00:00', 1, 0, 1, '20110813 12:07:31.1303176 +00:00', NULL, NULL, NULL, NULL, NULL, NULL, NULL, 'Heroin and anorexic depressive.', 100010060007, 258420, 4740268, 2156123, 9747937, 100010020003, 100010020001, 100010020001, 100010020001 )

GO

print '------------------------------------------------------------------------------------------'
print 'Clinical Case - 1 - Tidbit Young - Scheduled Visit 1'
print '------------------------------------------------------------------------------------------'

INSERT INTO [AgencyModule].[Appointment] ( AppointmentKey, CreatedTimestamp, CreatedBySystemAccountKey, UpdatedTimestamp, UpdatedBySystemAccountKey, Version, SubjectDescription, AppointmentStartDatetime, AppointmentEndDatetime, StaffKey, Note ) VALUES ( 100010082001,'20110706 12:07:31.1303176 +00:00', 1, '20110706 12:07:31.1303176 +00:00', 1, 1, NULL, '20100315 11:45:31', '20100220 12:45:31', 100010020001, 'I checkup for growth rate.' )
INSERT INTO [VisitModule].[Visit] ( AppointmentKey, ClinicalCaseKey, VisitStatusLkpKey, ServiceLocationKey, Name, CptCode, CheckedInDateTime ) VALUES ( 100010082001, 100010080003, 8042491, 100010020003, 'New Patient - Primary Care - Adult', '99204','20100315 11:45:31' )
INSERT INTO [VisitModule].[Activity] ( [ActivityKey], [ClinicalCaseKey], [CreatedTimestamp], [CreatedBySystemAccountKey], [UpdatedTimestamp], [UpdatedBySystemAccountKey], [Version], [ActivityStartDateTime], [ActivityEndDateTime], [VisitKey], [ActivityTypeLkpKey] ) VALUES ( 100010082001, 100010080003, '20110706 12:07:31.1303176 +00:00',1,'20110706 12:07:31.1303176 +00:00',1,1,'20100315 11:45:31', '20100220 12:45:31', 100010082001, 1)
INSERT INTO [VisitModule].[VitalSign] ( [ActivityKey], [HeightFeetMeasure], [HeightInchesMeasure], [WeightLbsMeasure])VALUES (100010082001, 5, 2, 98)
INSERT INTO [VisitModule].[HeartRate] ([HeartRateKey], [CreatedTimestamp], [CreatedBySystemAccountKey], [UpdatedTimestamp], [UpdatedBySystemAccountKey], [Version], [BeatsPerMinuteMeasure], [EffectiveTimestamp], [VitalSignKey])VALUES (100010082001,'20110119 11:55:31.1303176 +00:00',1,'20110119 11:55:31.1303176 +00:00',1,1,60,'20110519 11:45:31.1303176 +00:00',100010082001)
INSERT INTO [VisitModule].[BloodPressure] ( [BloodPressureKey], [CreatedTimestamp], [CreatedBySystemAccountKey], [UpdatedTimestamp], [UpdatedBySystemAccountKey], [Version], [SystollicMeasure], [DiastollicMeasure], [EffectiveTimestamp], [VitalSignKey])VALUES (100010082001,'20110119 11:55:31.1303176 +00:00',1,'20100119 11:55:31.1303176 +00:00',1,1,95,60,'20110519 11:45:31.1303176 +00:00',100010082001)

GO

print '------------------------------------------------------------------------------------------'
print 'Clinical Case - 1 - Tidbit Young - Scheduled Visit 2'
print '------------------------------------------------------------------------------------------'

INSERT INTO [AgencyModule].[Appointment] ( AppointmentKey, CreatedTimestamp, CreatedBySystemAccountKey, UpdatedTimestamp, UpdatedBySystemAccountKey, Version, SubjectDescription, AppointmentStartDatetime, AppointmentEndDatetime, StaffKey, Note ) VALUES ( 100010082002,'20110706 12:07:31.1303176 +00:00', 1, '20110706 12:07:31.1303176 +00:00', 1, 1, NULL, '20100925 11:45:31', '20100825 12:45:31', 100010020001, 'I checkup for growth rate.' )
INSERT INTO [VisitModule].[Visit] ( AppointmentKey, ClinicalCaseKey, VisitStatusLkpKey, ServiceLocationKey, Name, CptCode, CheckedInDateTime ) VALUES ( 100010082002, 100010080003, 8042491, 100010020003, 'New Patient - Primary Care - Adult', '99204','20100315 11:45:31' )
INSERT INTO [VisitModule].[Activity] ( [ActivityKey], [ClinicalCaseKey], [CreatedTimestamp], [CreatedBySystemAccountKey], [UpdatedTimestamp], [UpdatedBySystemAccountKey], [Version], [ActivityStartDateTime], [ActivityEndDateTime], [VisitKey], [ActivityTypeLkpKey] ) VALUES ( 100010082002, 100010080003, '20110706 12:07:31.1303176 +00:00',1,'20110706 12:07:31.1303176 +00:00',1,1,'20100925 11:45:31', '20100825 12:45:31',100010082002,1)
INSERT INTO [VisitModule].[VitalSign] ( [ActivityKey], [HeightFeetMeasure], [HeightInchesMeasure], [WeightLbsMeasure])VALUES (100010082002, 5, 2.5, 105)
INSERT INTO [VisitModule].[HeartRate] ([HeartRateKey], [CreatedTimestamp], [CreatedBySystemAccountKey], [UpdatedTimestamp], [UpdatedBySystemAccountKey], [Version], [BeatsPerMinuteMeasure], [EffectiveTimestamp], [VitalSignKey])VALUES (100010082002,'20110119 11:55:31.1303176 +00:00',1,'20110119 11:55:31.1303176 +00:00',1,1,62,'20110519 11:45:31.1303176 +00:00',100010082002)
INSERT INTO [VisitModule].[BloodPressure] ( [BloodPressureKey], [CreatedTimestamp], [CreatedBySystemAccountKey], [UpdatedTimestamp], [UpdatedBySystemAccountKey], [Version], [SystollicMeasure], [DiastollicMeasure], [EffectiveTimestamp], [VitalSignKey])VALUES (100010082002,'20110119 11:55:31.1303176 +00:00',1,'20100119 11:55:31.1303176 +00:00',1,1,95,65,'20110519 11:45:31.1303176 +00:00',100010082002)

GO

print '------------------------------------------------------------------------------------------'
print 'Clinical Case - 1 - Tidbit Young - Scheduled Visit 3'
print '------------------------------------------------------------------------------------------'

INSERT INTO [AgencyModule].[Appointment] ( AppointmentKey, CreatedTimestamp, CreatedBySystemAccountKey, UpdatedTimestamp, UpdatedBySystemAccountKey, Version, SubjectDescription, AppointmentStartDatetime, AppointmentEndDatetime, StaffKey, Note ) VALUES ( 100010082003,'20110706 12:07:31.1303176 +00:00', 1, '20110706 12:07:31.1303176 +00:00', 1, 1, NULL, '20110312 11:45:31', '20110410 12:45:31', 100010020001, 'I checkup for growth rate.' )
INSERT INTO [VisitModule].[Visit] ( AppointmentKey, ClinicalCaseKey, VisitStatusLkpKey, ServiceLocationKey, Name, CptCode, CheckedInDateTime ) VALUES ( 100010082003, 100010080003, 8042491, 100010020003, 'New Patient - Primary Care - Adult', '99204','20100315 11:45:31' )
INSERT INTO [VisitModule].[Activity] ( [ActivityKey], [ClinicalCaseKey], [CreatedTimestamp], [CreatedBySystemAccountKey], [UpdatedTimestamp], [UpdatedBySystemAccountKey], [Version], [ActivityStartDateTime], [ActivityEndDateTime], [VisitKey], [ActivityTypeLkpKey] ) VALUES ( 100010082003, 100010080003, '20110706 12:07:31.1303176 +00:00',1,'20110706 12:07:31.1303176 +00:00',1,1,'20110312 11:45:31', '20110410 12:45:31',100010082003,1)
INSERT INTO [VisitModule].[VitalSign] ( [ActivityKey], [HeightFeetMeasure], [HeightInchesMeasure], [WeightLbsMeasure])VALUES (100010082003, 5, 2.5, 90)
INSERT INTO [VisitModule].[HeartRate] ([HeartRateKey], [CreatedTimestamp], [CreatedBySystemAccountKey], [UpdatedTimestamp], [UpdatedBySystemAccountKey], [Version], [BeatsPerMinuteMeasure], [EffectiveTimestamp], [VitalSignKey])VALUES (100010082003,'20110119 11:55:31.1303176 +00:00',1,'20110119 11:55:31.1303176 +00:00',1,1,70,'20110519 11:45:31.1303176 +00:00',100010082003)
INSERT INTO [VisitModule].[BloodPressure] ( [BloodPressureKey], [CreatedTimestamp], [CreatedBySystemAccountKey], [UpdatedTimestamp], [UpdatedBySystemAccountKey], [Version], [SystollicMeasure], [DiastollicMeasure], [EffectiveTimestamp], [VitalSignKey])VALUES (100010082003,'20110119 11:55:31.1303176 +00:00',1,'20100119 11:55:31.1303176 +00:00',1,1,90,50,'20110519 11:45:31.1303176 +00:00',100010082003)

GO

print '------------------------------------------------------------------------------------------'
print 'Clinical Case - 1 - Susan Test'
print '------------------------------------------------------------------------------------------'

INSERT INTO [ClinicalCaseModule].[ClinicalCase] ( [ClinicalCaseKey], [CreatedTimestamp], [CreatedBySystemAccountKey], [UpdatedTimestamp], [UpdatedBySystemAccountKey], [Version], [ClinicalCaseNumber], [ClinicalCaseStartDate], [ClinicalCaseCloseDate], [ClinicalCaseNote], [ClinicalCaseClosingNote], [AdmissionDate], [AdmissionNote], [DischargeDate], [DischargeNote], [PatientPresentingProblemNote], [PatientKey], [ClinicalCaseStatusLkpKey], [ReferralTypeLkpKey], [InitialContactMethodLkpKey], [DischargeReasonLkpKey], [InitialLocationKey], [PerformedByStaffKey], [AdmittedByStaffKey], [DischargedByStaffKey] ) VALUES ( 100010080013, '20110706 12:07:31.1303176 +00:00', 1 ,'20110706 12:07:31.1303176 +00:00', 1, 0, 1, '20110813 12:07:31.1303176 +00:00', NULL, NULL, NULL, NULL, NULL, NULL, NULL, 'I am sad most of the time. I do not feel like getting out of bed or seeing people.', 100010060008, 258420, 4740268, 2156123, 9747937, 100010020003, 100010020001, 100010020001, 100010020001 )

GO

print '------------------------------------------------------------------------------------------'
print 'Clinical Case - 1 - Samuel Harveybell'
print '------------------------------------------------------------------------------------------'

INSERT INTO [ClinicalCaseModule].[ClinicalCase] ( [ClinicalCaseKey], [CreatedTimestamp], [CreatedBySystemAccountKey], [UpdatedTimestamp], [UpdatedBySystemAccountKey], [Version], [ClinicalCaseNumber], [ClinicalCaseStartDate], [ClinicalCaseCloseDate], [ClinicalCaseNote], [ClinicalCaseClosingNote], [AdmissionDate], [AdmissionNote], [DischargeDate], [DischargeNote], [PatientPresentingProblemNote], [PatientKey], [ClinicalCaseStatusLkpKey], [ReferralTypeLkpKey], [InitialContactMethodLkpKey], [DischargeReasonLkpKey], [InitialLocationKey], [PerformedByStaffKey], [AdmittedByStaffKey], [DischargedByStaffKey] ) VALUES ( 100010080023, '20110706 12:07:31.1303176 +00:00', 1 ,'20110706 12:07:31.1303176 +00:00', 1, 0, 1, '20110813 12:07:31.1303176 +00:00', NULL, NULL, NULL, NULL, NULL, NULL, NULL, 'I''m always in pain and Oxycotin makes me feel good.', 100010060009, 258420, 4740268, 2156123, 9747937, 100010020003, 100010020001, 100010020001, 100010020001 )

GO

print '------------------------------------------------------------------------------------------'
print 'Clinical Case - 1 - Miguel Albertsen'
print '------------------------------------------------------------------------------------------'

INSERT INTO [ClinicalCaseModule].[ClinicalCase] ( [ClinicalCaseKey], [CreatedTimestamp], [CreatedBySystemAccountKey], [UpdatedTimestamp], [UpdatedBySystemAccountKey], [Version], [ClinicalCaseNumber], [ClinicalCaseStartDate], [ClinicalCaseCloseDate], [ClinicalCaseNote], [ClinicalCaseClosingNote], [AdmissionDate], [AdmissionNote], [DischargeDate], [DischargeNote], [PatientPresentingProblemNote], [PatientKey], [ClinicalCaseStatusLkpKey], [ReferralTypeLkpKey], [InitialContactMethodLkpKey], [DischargeReasonLkpKey], [InitialLocationKey], [PerformedByStaffKey], [AdmittedByStaffKey], [DischargedByStaffKey] ) VALUES ( 100010080033, '20110706 12:07:31.1303176 +00:00', 1 ,'20110706 12:07:31.1303176 +00:00', 1, 0, 1, '20110813 12:07:31.1303176 +00:00', NULL, NULL, NULL, NULL, NULL, NULL, NULL, 'I can''t seem to enjoy anything anymore it is an effort just to leave the house.', 100010060010, 258420, 4740268, 2156123, 9747937, 100010020003, 100010020001, 100010020001, 100010020001 )

GO

print '----------------------------------------------------------------------------------------------------'
print 'CdsRule'
print '----------------------------------------------------------------------------------------------------'

INSERT [PatientModule].[CdsRule] ([CdsRuleKey], [Version], [Name], [RecommendationNote], [Age], [ValidLabOrderMonthCount], [CreatedTimestamp], [UpdatedTimestamp], [MedicationCodedConceptCode], [MedicationDisplayName], [MedicationCodeSystemIdentifier], [MedicationCodeSystemVersionNumber], [MedicationCodeSystemName], [MedicationOriginalDescription], [MedicationNullFlavorIndicator], [ProblemCodedConceptCode], [ProblemDisplayName], [ProblemCodeSystemIdentifier], [ProblemCodeSystemVersionNumber], [ProblemCodeSystemName], [ProblemOriginalDescription], [ProblemNullFlavorIndicator], [LabTestNameLkpKey], [CreatedBySystemAccountKey], [UpdatedBySystemAccountKey]) VALUES (12012000000, 2, N'Fasting Blood Glucose Needed', N'It is recommended that the clinician order a fasting blood glucose test.', 18, 3, '20110813 12:07:31.1303176 +00:00', '20110813 12:07:31.1303176 +00:00', N'352393', N'Abilify [352393]', N'2.16.840.1.113883.6.88', NULL, N'RxNorm', NULL, 0, N'444110003', N'Type II diabetes mellitus well controlled (finding)', N'2.16.840.1.113883.6.96', NULL, N'SNOMED', NULL, 0, 4, 100010080030, 100010080030)
GO

print '----------------------------------------------------------------------------------------------------'
print 'Medication - Bruce Paltrow'
print '----------------------------------------------------------------------------------------------------'

INSERT INTO [PatientModule].[Medication]([MedicationKey], [Version], [MedicationDoseValue], [OverTheCounterIndicator], [InstructionsNote], [PrescribingPhysicianName], [DiscontinuedByPhysicianName], [DiscontinuedReasonOtherDescription], [FrequencyDescription], [CreatedTimestamp], [UpdatedTimestamp], [PatientKey], [RootMedicationCodedConceptCode], [RootMedicationDisplayName], [RootMedicationCodeSystemIdentifier], [RootMedicationCodeSystemVersionNumber], [RootMedicationCodeSystemName], [RootMedicationOriginalDescription], [RootMedicationNullFlavorIndicator], [MedicationCodeCodedConceptCode], [MedicationCodeDisplayName], [MedicationCodeCodeSystemIdentifier], [MedicationCodeCodeSystemVersionNumber], [MedicationCodeCodeSystemName], [MedicationCodeOriginalDescription], [MedicationCodeNullFlavorIndicator], [MedicationRouteLkpKey], [MedicationDoseUnitLkpKey], [MedicationStatusLkpKey], [DiscontinuedReasonLkpKey], [CreatedBySystemAccountKey], [UpdatedBySystemAccountKey], [UsageStartDate], [UsageEndDate]) VALUES (10000, 1, NULL, 0, NULL, N'Chris White', NULL, NULL, N'Two times a day',	'2011-09-14 15:51:31.2294405 -04:00', '2011-09-14 15:51:31.3214497 -04:00', 100010060011, N'35208', N'quinapril [35208]', N'2.16.840.1.113883.6.88', NULL, N'RxNorm', NULL, 0, N'312748', N'quinapril (as quinapril hydrochloride) 10 MG Oral Tablet [312748]', N'2.16.840.1.113883.6.88', NULL, N'RxNorm', NULL, 0, NULL, NULL,	1, NULL, 100010080030, 100010080030, '2011-09-14', NULL)

GO

print '----------------------------------------------------------------------------------------------------'
print 'Medication - Samuel Harveybell'
print '----------------------------------------------------------------------------------------------------'

INSERT INTO [PatientModule].[Medication]([MedicationKey], [Version], [MedicationDoseValue], [OverTheCounterIndicator], [InstructionsNote], [PrescribingPhysicianName], [DiscontinuedByPhysicianName], [DiscontinuedReasonOtherDescription], [FrequencyDescription], [CreatedTimestamp], [UpdatedTimestamp], [PatientKey], [RootMedicationCodedConceptCode], [RootMedicationDisplayName], [RootMedicationCodeSystemIdentifier], [RootMedicationCodeSystemVersionNumber], [RootMedicationCodeSystemName], [RootMedicationOriginalDescription], [RootMedicationNullFlavorIndicator], [MedicationCodeCodedConceptCode], [MedicationCodeDisplayName], [MedicationCodeCodeSystemIdentifier], [MedicationCodeCodeSystemVersionNumber], [MedicationCodeCodeSystemName], [MedicationCodeOriginalDescription], [MedicationCodeNullFlavorIndicator], [MedicationRouteLkpKey], [MedicationDoseUnitLkpKey], [MedicationStatusLkpKey], [DiscontinuedReasonLkpKey], [CreatedBySystemAccountKey], [UpdatedBySystemAccountKey], [UsageStartDate], [UsageEndDate]) VALUES (11000, 1, NULL, 0, NULL, N'Chris White', NULL, NULL, N'Two times a day',	'2011-09-14 15:51:31.2294405 -04:00', '2011-09-14 15:51:31.3214497 -04:00', 100010060009, N'6448',     N'Lithium [6448]', N'2.16.840.1.113883.6.88', NULL, N'RxNorm', NULL, 0, N'430439',           N'Lithium acetate 536 MG Oral Tablet [430439]', N'2.16.840.1.113883.6.88', NULL, N'RxNorm', NULL, 0, NULL, NULL,	1, NULL, 100010080030, 100010080030, '2011-09-14', NULL)
INSERT INTO [PatientModule].[Medication]([MedicationKey], [Version], [MedicationDoseValue], [OverTheCounterIndicator], [InstructionsNote], [PrescribingPhysicianName], [DiscontinuedByPhysicianName], [DiscontinuedReasonOtherDescription], [FrequencyDescription], [CreatedTimestamp], [UpdatedTimestamp], [PatientKey], [RootMedicationCodedConceptCode], [RootMedicationDisplayName], [RootMedicationCodeSystemIdentifier], [RootMedicationCodeSystemVersionNumber], [RootMedicationCodeSystemName], [RootMedicationOriginalDescription], [RootMedicationNullFlavorIndicator], [MedicationCodeCodedConceptCode], [MedicationCodeDisplayName], [MedicationCodeCodeSystemIdentifier], [MedicationCodeCodeSystemVersionNumber], [MedicationCodeCodeSystemName], [MedicationCodeOriginalDescription], [MedicationCodeNullFlavorIndicator], [MedicationRouteLkpKey], [MedicationDoseUnitLkpKey], [MedicationStatusLkpKey], [DiscontinuedReasonLkpKey], [CreatedBySystemAccountKey], [UpdatedBySystemAccountKey], [UsageStartDate], [UsageEndDate]) VALUES (12000, 1, NULL, 0, NULL, N'Chris White', NULL, NULL, N'Two times a day',	'2011-09-14 15:51:31.2294405 -04:00', '2011-09-14 15:51:31.3214497 -04:00', 100010060009, N'352393', N'Abilify [352393]', N'2.16.840.1.113883.6.88', NULL, N'RxNorm', NULL, 0, N'643023', N'Abilify Discmelt 15 MG Disintegrating Tablet [643023]', N'2.16.840.1.113883.6.88', NULL, N'RxNorm', NULL, 0, NULL, NULL,	1, NULL, 100010080030, 100010080030, '2011-09-14', NULL)

GO

print '----------------------------------------------------------------------------------------------------'
print 'Payor cache'
print '----------------------------------------------------------------------------------------------------'

INSERT INTO [PatientModule].[BillingOfficeCache]([BillingOfficeCacheKey], [Version], [CreatedTimestamp], [UpdatedTimestamp], [AgencyKey], [CreatedBySystemAccountKey], [UpdatedBySystemAccountKey]) VALUES (1000, 0, '20120207', '20120207', 100010020002, 1, 1)
INSERT INTO [PatientModule].[PayorCache]([PayorCacheKey], [Version], [Name], [CreatedTimestamp], [UpdatedTimestamp], [BillingOfficeCacheKey], [CreatedBySystemAccountKey], [UpdatedBySystemAccountKey], [FirstStreetAddress], [SecondStreetAddress], [CityName], [CountyAreaLkpKey], [StateProvinceLkpKey], [CountryLkpKey], [PostalCode]) VALUES (1000, 0, N'Aetna', '20120207', '20120207', 1000, 1, 1, N'123 Test Street', '', N'TestVille', null, 5409183, null, N'12345')
INSERT INTO [PatientModule].[PayorCache]([PayorCacheKey], [Version], [Name], [CreatedTimestamp], [UpdatedTimestamp], [BillingOfficeCacheKey], [CreatedBySystemAccountKey], [UpdatedBySystemAccountKey], [FirstStreetAddress], [SecondStreetAddress], [CityName], [CountyAreaLkpKey], [StateProvinceLkpKey], [CountryLkpKey], [PostalCode]) VALUES (1001, 0, N'Blue Cross Blue Shield', '20120207', '20120207', 1000, 1, 1, N'123 Test Street', '', N'TestVille', null, 5409183, null, N'12345')
INSERT INTO [PatientModule].[PayorCache]([PayorCacheKey], [Version], [Name], [CreatedTimestamp], [UpdatedTimestamp], [BillingOfficeCacheKey], [CreatedBySystemAccountKey], [UpdatedBySystemAccountKey], [FirstStreetAddress], [SecondStreetAddress], [CityName], [CountyAreaLkpKey], [StateProvinceLkpKey], [CountryLkpKey], [PostalCode]) VALUES (1002, 0, N'Medicare', '20120207', '20120207', 1000, 1, 1, N'123 Test Street', '', N'TestVille', null, 5409183, null, N'12345')
INSERT INTO [PatientModule].[PayorCache]([PayorCacheKey], [Version], [Name], [CreatedTimestamp], [UpdatedTimestamp], [BillingOfficeCacheKey], [CreatedBySystemAccountKey], [UpdatedBySystemAccountKey], [FirstStreetAddress], [SecondStreetAddress], [CityName], [CountyAreaLkpKey], [StateProvinceLkpKey], [CountryLkpKey], [PostalCode]) VALUES (1003, 0, N'Kaiser', '20120207', '20120207', 1000, 1, 1, N'123 Test Street', '', N'TestVille', null, 5409183, null, N'12345')
INSERT INTO [PatientModule].[PayorCache]([PayorCacheKey], [Version], [Name], [CreatedTimestamp], [UpdatedTimestamp], [BillingOfficeCacheKey], [CreatedBySystemAccountKey], [UpdatedBySystemAccountKey], [FirstStreetAddress], [SecondStreetAddress], [CityName], [CountyAreaLkpKey], [StateProvinceLkpKey], [CountryLkpKey], [PostalCode]) VALUES (1004, 0, N'Medicaid', '20120207', '20120207', 1000, 1, 1, N'123 Test Street', '', N'TestVille', null, 5409183, null, N'12345')
GO
